world_variant,condition,system,knowledge_survival,ks_ci_low,ks_ci_high,accuracy_macro,acc_ci_low,acc_ci_high,iss,contradiction_f1,contradiction_resolved_acc,messages_per_claim,n_seeds
all_single_root,correlated_org|0.5|none|0.0|0|post_failure,B2,0.8755866666666667,0.8740387129344118,0.8771346203989216,0.5939826773918497,0.5921427872228174,0.595822567560882,0.9999866644541423,0.0,nan,105.08936666666663,15
all_single_root,correlated_org|0.5|none|0.0|0|post_failure,B3,0.8199633333333334,0.8187834004849316,0.8211432661817352,0.544063002983535,0.5426599734307859,0.5454660325362842,0.9366366704305013,0.0,nan,8.0,15
all_single_root,correlated_org|0.5|none|0.0|0|post_failure,B3Q,0.9096966666666666,0.9089353812813308,0.9104579520520024,0.832023173490333,0.8303062892535308,0.8337400577271351,0.9367833296457927,0.0,nan,15.680946666666665,15
all_single_root,correlated_org|0.5|none|0.0|0|post_failure,B5,0.81997,0.8181749385584541,0.8217650614415458,0.5441029246860355,0.5420084175555845,0.5461974318164865,0.9366833289464315,0.0,nan,8.0,15
all_single_root,correlated_org|0.5|none|0.0|0|post_failure,B6,0.8221699999999998,0.8204948092022287,0.823845190797771,0.545959069415789,0.5442641908359623,0.5476539479956156,0.9388799945513407,0.0,nan,8.0,15
all_single_root,correlated_org|0.5|none|0.0|0|post_failure,B7,0.8882866666666666,0.8868982050161056,0.8896751283172275,0.7603942692822693,0.7583584098966397,0.7624301286678988,0.9379699945449829,0.0,nan,14.381120000000003,15
all_single_root,random|0.3|root|0.2|0|post_failure,B2,0.6995533333333334,0.6969954374625387,0.702111229204128,0.44259497826741984,0.4403823694221441,0.4448075871126956,1.0,0.0,nan,101.32043999999998,15
all_single_root,random|0.3|root|0.2|0|post_failure,B3,0.6937499999999999,0.6912102696319042,0.6962897303680955,0.4380989813360907,0.43594032445844927,0.44025763821373215,0.9918799956639608,0.0,nan,8.0,15
all_single_root,random|0.3|root|0.2|0|post_failure,B3Q,0.7713533333333333,0.7692040201345202,0.7735026465321465,0.680264295226004,0.6769520785681761,0.6835765118838318,0.9917999943097432,0.0,nan,15.680946666666665,15
all_single_root,random|0.3|root|0.2|0|post_failure,B5,0.69401,0.6915827919556398,0.6964372080443603,0.4381757812821671,0.4359834227598708,0.44036813980446343,0.9920100013415019,0.0,nan,8.0,15
all_single_root,random|0.3|root|0.2|0|post_failure,B6,0.6938066666666667,0.6912655810907743,0.6963477522425591,0.4378922000690673,0.43573391385180466,0.44005048628633,0.9919233361879984,0.0,nan,8.0,15
all_single_root,random|0.3|root|0.2|0|post_failure,B7,0.7519466666666668,0.7498455661736974,0.7540477671596362,0.619234375902616,0.6167567085153138,0.6217120432899181,0.9920300006866455,0.0,nan,14.381120000000003,15
all_single_root,random|0.5|none|0.0|0|post_failure,B2,0.87558,0.8740332023746081,0.8771267976253919,0.5941303418725109,0.5923480724334702,0.5959126113115516,0.9999799966812134,0.0,nan,105.10257666666668,15
all_single_root,random|0.5|none|0.0|0|post_failure,B3,0.8206600000000001,0.8191415951807989,0.8221784048192012,0.5451105210212103,0.5432697851103768,0.5469512569320437,0.937256666024526,0.0,nan,8.0,15
all_single_root,random|0.5|none|0.0|0|post_failure,B3Q,0.9108766666666668,0.9101467886373266,0.911606544696007,0.8335112084636561,0.8320164711038901,0.8350059458234221,0.9378866672515869,0.0,nan,15.680946666666665,15
all_single_root,random|0.5|none|0.0|0|post_failure,B5,0.8206133333333333,0.8191045429660452,0.8221221237006214,0.5449452399284976,0.5431754889670799,0.5467149908899154,0.9373066703478495,0.0,nan,8.0,15
all_single_root,random|0.5|none|0.0|0|post_failure,B6,0.8206433333333334,0.818667049501096,0.8226196171655707,0.5448709397749298,0.5427594020302576,0.546982477519602,0.9372199932734172,0.0,nan,8.0,15
all_single_root,random|0.5|none|0.0|0|post_failure,B7,0.8883066666666666,0.8872590788681249,0.8893542544652082,0.7597503057931091,0.7579078533643392,0.761592758221879,0.9380599935849507,0.0,nan,14.381120000000003,15
all_single_root,random|0.9|none|0.0|0|post_failure,B2,0.7850133333333333,0.7829479576127496,0.7870787090539171,0.5127044721188682,0.510610319380824,0.5147986248569123,0.8965499957402547,0.0,nan,124.62922,15
all_single_root,random|0.9|none|0.0|0|post_failure,B3,0.30104666666666663,0.2993220360494994,0.30277129728383384,0.16604215037215792,0.1648017490622914,0.16728255168202444,0.3444433331489563,0.0,nan,8.0,15
all_single_root,random|0.9|none|0.0|0|post_failure,B3Q,0.33249999999999996,0.3298119990946884,0.33518800090531153,0.2578893589676321,0.2556220841644792,0.260156633770785,0.34345333178838094,0.0,nan,15.680946666666665,15
all_single_root,random|0.9|none|0.0|0|post_failure,B5,0.3018633333333333,0.30013857570648284,0.3035880909601838,0.1672724204061339,0.165951691405684,0.16859314940658382,0.3446500023206075,0.0,nan,8.0,15
all_single_root,random|0.9|none|0.0|0|post_failure,B6,0.3008100000000001,0.29905250841398756,0.3025674915860126,0.166434425608012,0.16514495633646628,0.16772389487955772,0.34343666632970177,0.0,nan,8.0,15
all_single_root,random|0.9|none|0.0|0|post_failure,B7,0.3254533333333333,0.3237967267811197,0.32710993988554693,0.23586892161999143,0.23424940653260481,0.23748843670737804,0.34468999902407327,0.0,nan,14.381120000000003,15
all_single_root,targeted_whitebox|0.5|none|0.0|0|post_failure,B2,0.8705366666666666,0.8690118100726012,0.872061523260732,0.5888859782621966,0.5869855310366177,0.5907864254877755,0.9942499995231628,0.0,nan,105.75487333333334,15
all_single_root,targeted_whitebox|0.5|none|0.0|0|post_failure,B3,0.6777466666666668,0.6757446250310549,0.6797487083022787,0.4249987673791376,0.42277062284548483,0.4272269119127904,0.773959998289744,0.0,nan,8.0,15
all_single_root,targeted_whitebox|0.5|none|0.0|0|post_failure,B3Q,0.7483466666666667,0.7475052866036486,0.7491880467296849,0.6466483367872213,0.6452040682827128,0.6480926052917299,0.7736366589864095,0.0,nan,15.680946666666665,15
all_single_root,targeted_whitebox|0.5|none|0.0|0|post_failure,B5,0.6764500000000001,0.6753309755853345,0.6775690244146657,0.4245395033520854,0.4232996824999204,0.4257793242042504,0.7727566679318746,0.0,nan,8.0,15
all_single_root,targeted_whitebox|0.5|none|0.0|0|post_failure,B6,0.6774366666666666,0.6758378269643921,0.679035506368941,0.42552116312433763,0.42417810745326134,0.4268642187954139,0.7733999967575074,0.0,nan,8.0,15
all_single_root,targeted_whitebox|0.5|none|0.0|0|post_failure,B7,0.7299733333333334,0.7289901417743077,0.7309565248923591,0.5873550838352771,0.5858347973881675,0.5888753702823868,0.773960002263387,0.0,nan,14.381120000000003,15
heavy_correlation,correlated_org|0.5|none|0.0|0|post_failure,B2,0.8767433333333334,0.8752112250534451,0.8782754416132218,0.6037824828459679,0.6015720445043067,0.6059929211876292,0.9999955574671427,0.8371499955217941,0.5111503124944243,891.0067466666666,15
heavy_correlation,correlated_org|0.5|none|0.0|0|post_failure,B3,0.82068,0.8196950313783457,0.8216649686216543,0.5576531093349997,0.5554983404434988,0.5598078782265006,0.6838175813357036,0.41736100824048294,0.47152228843481614,8.0,15
heavy_correlation,correlated_org|0.5|none|0.0|0|post_failure,B3Q,0.9002333333333332,0.8990546449866986,0.9014120216799678,0.8100272150824459,0.8078876290811655,0.8121668010837263,0.6905024925867717,0.2842653974032177,0.6726357267587691,15.680533333333335,15
heavy_correlation,correlated_org|0.5|none|0.0|0|post_failure,B5,0.82039,0.8188931352687284,0.8218868647312715,0.5510715856746875,0.5490248125514336,0.5531183587979414,0.6245185573895772,0.0,0.4670430500833021,8.0,15
heavy_correlation,correlated_org|0.5|none|0.0|0|post_failure,B6,0.8231500000000002,0.8211257734408238,0.8251742265591765,0.571305504777282,0.568149820880077,0.574461188674487,0.7458364089330037,0.6426615438849166,0.480195681366023,8.0,15
heavy_correlation,correlated_org|0.5|none|0.0|0|post_failure,B7,0.8833166666666666,0.8822218012706469,0.8844115320626864,0.761096259733196,0.7590604772614813,0.7631320422049106,0.745955224831899,0.5020654077224987,0.6121919176747919,14.40998,15
heavy_correlation,random|0.3|root|0.2|0|post_failure,B2,0.7123066666666665,0.7104560835915522,0.7141572497417809,0.4593111982801137,0.45576618867697116,0.4628562078832562,1.0,0.8339861326054402,0.595504688734109,886.5298466666667,15
heavy_correlation,random|0.3|root|0.2|0|post_failure,B3,0.70016,0.6985513691315006,0.7017686308684994,0.45383637653171793,0.45032352745202714,0.4573492256114087,0.7539807836214701,0.5773532090617205,0.5692792468012943,8.0,15
heavy_correlation,random|0.3|root|0.2|0|post_failure,B3Q,0.76982,0.7685199269569907,0.7711200730430092,0.6682322849643837,0.6643930401796819,0.6720715297490855,0.764456554253896,0.567430590976934,0.6307604073156248,15.680533333333335,15
heavy_correlation,random|0.3|root|0.2|0|post_failure,B5,0.6952099999999999,0.6938714727499257,0.6965485272500741,0.4461927647915334,0.443200072823957,0.4491854567591098,0.6612504998842875,0.0,0.5516178629854968,8.0,15
heavy_correlation,random|0.3|root|0.2|0|post_failure,B6,0.71302,0.7110246072322081,0.7150153927677919,0.47195774825035913,0.46795277592390805,0.4759627205768102,0.8530386567115784,0.8271510075941443,0.6129600389117389,8.0,15
heavy_correlation,random|0.3|root|0.2|0|post_failure,B7,0.7666600000000001,0.7653309984694847,0.7679890015305155,0.6355218509166246,0.632038013655194,0.6390056881780553,0.851978874206543,0.793515613380524,0.6545704012420827,14.40998,15
heavy_correlation,random|0.5|none|0.0|0|post_failure,B2,0.8767133333333331,0.8752292081497381,0.8781974585169281,0.604284844060274,0.6019320316910506,0.6066376564294975,0.9999951322873434,0.8394974890621897,0.5108535858021858,890.9977299999999,15
heavy_correlation,random|0.5|none|0.0|0|post_failure,B3,0.8209433333333335,0.8194080114909374,0.8224786551757295,0.5586283201570234,0.5557324587232284,0.5615241815908183,0.6842099746068319,0.41926991519076123,0.467831411239268,8.0,15
heavy_correlation,random|0.5|none|0.0|0|post_failure,B3Q,0.9005600000000001,0.8995221634092844,0.9015978365907159,0.8117102666413618,0.8092493547075422,0.8141711785751814,0.6907020131746928,0.2874968304510064,0.6710199872747282,15.680533333333335,15
heavy_correlation,random|0.5|none|0.0|0|post_failure,B5,0.8207666666666665,0.8193087800679263,0.8222245532654068,0.5521200037260404,0.5494596345316287,0.5547803729204521,0.6248799761136373,0.0,0.4691653032646233,8.0,15
heavy_correlation,random|0.5|none|0.0|0|post_failure,B6,0.8215666666666664,0.8199186375924347,0.8232146957408982,0.570089905400242,0.5672351585769635,0.5729446522235204,0.7449923674265544,0.6342149503548399,0.4785444756580892,8.0,15
heavy_correlation,random|0.5|none|0.0|0|post_failure,B7,0.8826433333333333,0.8811555080701193,0.8841311585965473,0.7627316659220298,0.7599797482090818,0.7654835836349778,0.7452884554862976,0.5038078568294841,0.6122028607874133,14.40998,15
heavy_correlation,random|0.9|none|0.0|0|post_failure,B2,0.8652133333333334,0.8637378678553747,0.8666887988112921,0.5941931659193442,0.5921400253749738,0.5962463064637147,0.9603282690048218,0.8292926395287482,0.5124949714564184,947.0246499999998,15
heavy_correlation,random|0.9|none|0.0|0|post_failure,B3,0.3017466666666666,0.3003697701424587,0.3031235631908745,0.17224472686626408,0.17146166646391178,0.17302778726861637,0.23350103000799816,0.03511486384336918,0.1718040882732779,8.0,15
heavy_correlation,random|0.9|none|0.0|0|post_failure,B3Q,0.32814,0.32521207157225845,0.3310679284277415,0.25241584367505826,0.2493862507527231,0.2554454365973934,0.2323929657538732,0.021839142381249378,0.2394971246735232,15.680533333333335,15
heavy_correlation,random|0.9|none|0.0|0|post_failure,B5,0.3017533333333333,0.3002152460762252,0.30329142059044145,0.16933970429925624,0.16814140661383023,0.17053800198468225,0.22966655790805818,0.0,0.17215358320730004,8.0,15
heavy_correlation,random|0.9|none|0.0|0|post_failure,B6,0.30097999999999997,0.29919813589495153,0.3027618641050484,0.1756281796297558,0.17395218027457426,0.17730417898493733,0.2358064870039622,0.059578891067979055,0.1726297253331078,8.0,15
heavy_correlation,random|0.9|none|0.0|0|post_failure,B7,0.32171,0.3200584678270015,0.3233615321729985,0.2349361286891628,0.2326320567232124,0.2372402006551132,0.2360343853632609,0.04455147617993844,0.21613926856396956,14.40998,15
heavy_correlation,targeted_whitebox|0.5|none|0.0|0|post_failure,B2,0.8678799999999999,0.866479781922135,0.8692802180778647,0.5830817015953738,0.5808267496823578,0.5853366535083897,0.9893804430961609,0.8330550721838405,0.5129032730693389,891.3498466666667,15
heavy_correlation,targeted_whitebox|0.5|none|0.0|0|post_failure,B3,0.6789199999999999,0.6766555142121435,0.6811844857878562,0.437488168038693,0.43518609240640094,0.43979024367098507,0.5590173363685608,0.32285752343855323,0.3852269476607239,8.0,15
heavy_correlation,targeted_whitebox|0.5|none|0.0|0|post_failure,B3Q,0.7416466666666667,0.7403172421522883,0.742976091181045,0.6308104761702257,0.627783343684937,0.6338376086555143,0.5620949586232503,0.23037314838028883,0.5424838495679228,15.680533333333335,15
heavy_correlation,targeted_whitebox|0.5|none|0.0|0|post_failure,B5,0.6767333333333333,0.6759856061763098,0.6774810604903568,0.4313478883826349,0.42984371704471996,0.4328520597205498,0.5147977034250896,0.0,0.3855407261547973,8.0,15
heavy_correlation,targeted_whitebox|0.5|none|0.0|0|post_failure,B6,0.6786466666666667,0.6768925040304622,0.6804008293028713,0.4462810325009247,0.44384119441802156,0.44872087058382787,0.602148425579071,0.5065318298752953,0.39466839174471263,8.0,15
heavy_correlation,targeted_whitebox|0.5|none|0.0|0|post_failure,B7,0.7259333333333333,0.7247707845811705,0.7270958820854961,0.5920009103754694,0.5891854413606914,0.5948163793902475,0.601569124062856,0.4086037393268301,0.49635836765194985,14.40998,15
high_revision,correlated_org|0.5|none|0.0|0|post_failure,B2,0.6300233333333333,0.628150804446376,0.6318958622202905,0.4275227447899992,0.4254387807892518,0.4296067087907466,0.9999954462051391,0.9002869655260877,0.5139482858085589,209.76094666666668,15
high_revision,correlated_org|0.5|none|0.0|0|post_failure,B3,0.58739,0.585788123900381,0.5889918760996189,0.4011265583257504,0.39923757593567955,0.40301554071582124,0.6220267097155253,0.45951577964207524,0.4728080662270135,8.0,15
high_revision,correlated_org|0.5|none|0.0|0|post_failure,B3Q,0.82035,0.819021377621375,0.8216786223786251,0.7475557598350423,0.7457358153572897,0.7493757043127949,0.6286502083142599,0.2984197932033797,0.699199261072552,15.68082,15
high_revision,correlated_org|0.5|none|0.0|0|post_failure,B5,0.5853,0.5832617808315785,0.5873382191684215,0.38881336505633907,0.38676647158232386,0.3908602585303543,0.5302446722984314,0.0,0.4664340286107663,8.0,15
high_revision,correlated_org|0.5|none|0.0|0|post_failure,B6,0.5901433333333334,0.5885368259029733,0.5917498407636934,0.41497589140955166,0.41291975844785284,0.4170320243712505,0.6875668327013652,0.6401467959606696,0.4779849346990234,8.0,15
high_revision,correlated_org|0.5|none|0.0|0|post_failure,B7,0.7721966666666666,0.7706718459867052,0.773721487346628,0.6821807528456137,0.6801968349321522,0.6841646707590753,0.6883664727210999,0.48978987811652835,0.6327136433155026,14.515566666666667,15
high_revision,random|0.3|root|0.2|0|post_failure,B2,0.5130033333333334,0.5109069296210954,0.5150997370455713,0.33365656436588725,0.3318892046987684,0.3354239240330061,1.0,0.9158764309184111,0.45808402078353844,205.45965999999999,15
high_revision,random|0.3|root|0.2|0|post_failure,B3,0.5021933333333333,0.5000541747325764,0.5043324919340901,0.33200827235092095,0.3296131586561058,0.3344033860457361,0.7059718847274781,0.6635693476169904,0.4402339460393009,8.0,15
high_revision,random|0.3|root|0.2|0|post_failure,B3Q,0.7049399999999999,0.7036633735315326,0.7062166264684672,0.6289795563405947,0.626984772400939,0.6309743402802503,0.7151379227638245,0.5915292243457972,0.6050316271395825,15.68082,15
high_revision,random|0.3|root|0.2|0|post_failure,B5,0.49563999999999997,0.49377068113091394,0.497509318869086,0.3203856539315579,0.3184343572995867,0.32233695056352907,0.5614944736162821,0.0,0.42645420766388337,8.0,15
high_revision,random|0.3|root|0.2|0|post_failure,B6,0.51103,0.5093749037605018,0.5126850962394982,0.34671318550596053,0.34468385083413433,0.34874252017778673,0.8108645876248678,0.8584619034109552,0.4590084393730122,8.0,15
high_revision,random|0.3|root|0.2|0|post_failure,B7,0.6713033333333336,0.669360202963931,0.6732464637027362,0.5819654373980317,0.5799855857513531,0.5839452890447104,0.8100191235542298,0.7822617316698245,0.5747981167125273,14.515566666666667,15
high_revision,random|0.5|none|0.0|0|post_failure,B2,0.6294599999999999,0.6278587051835247,0.6310612948164751,0.42724901848789315,0.42569482632268013,0.42880321065310617,0.9999904155731201,0.9000119120703073,0.5122192801975516,209.74856666666668,15
high_revision,random|0.5|none|0.0|0|post_failure,B3,0.5885166666666667,0.5866167074563733,0.5904166258769601,0.4023066211725482,0.4003773369928747,0.40423590535222165,0.6229475498199463,0.46000964526927823,0.4754761732298857,8.0,15
high_revision,random|0.5|none|0.0|0|post_failure,B3Q,0.8196599999999999,0.8184300848039558,0.820889915196044,0.7513830322147352,0.7498292456185919,0.7529368188108786,0.6279746214548747,0.3003819382132561,0.6982284526161886,15.68082,15
high_revision,random|0.5|none|0.0|0|post_failure,B5,0.5855633333333333,0.583569487223667,0.5875571794429997,0.38978372715899634,0.38787624338457755,0.39169121093341513,0.5307680646578471,0.0,0.4661045845049223,8.0,15
high_revision,random|0.5|none|0.0|0|post_failure,B6,0.5884833333333334,0.5870102749284579,0.5899563917382088,0.41391179108567644,0.41208841399097546,0.4157351681803774,0.686733603477478,0.6434446703157016,0.47628085180519975,8.0,15
high_revision,random|0.5|none|0.0|0|post_failure,B7,0.7703466666666666,0.768889877332852,0.7718034560004813,0.6852540560735751,0.6834764774774443,0.687031634669706,0.6868787050247193,0.487820697343252,0.6311637141588065,14.515566666666667,15
high_revision,random|0.9|none|0.0|0|post_failure,B2,0.6042299999999999,0.6027713573203655,0.6056886426796344,0.4074377371411796,0.40615370425780944,0.40872177002454974,0.8948181311289469,0.8675795128161535,0.5068017578209066,251.32112666666666,15
high_revision,random|0.9|none|0.0|0|post_failure,B3,0.2163766666666667,0.21450206249276474,0.21825127084056864,0.13364685684492109,0.1321013646731161,0.13519234901672608,0.20094586412111917,0.037210652971335335,0.17324686275791112,8.0,15
high_revision,random|0.9|none|0.0|0|post_failure,B3Q,0.29695333333333335,0.294598145976765,0.2993085206899017,0.23560000875585976,0.23362233761790047,0.23757767989381906,0.1999200145403544,0.02424923781628086,0.2524827704536549,15.68082,15
high_revision,random|0.9|none|0.0|0|post_failure,B5,0.21527333333333332,0.21381886149269527,0.21672780517397136,0.1285678646523965,0.12759621745894847,0.12953951184584453,0.19479013979434967,0.0,0.1716192336041437,8.0,15
high_revision,random|0.9|none|0.0|0|post_failure,B6,0.2152966666666667,0.21356098942457477,0.2170323439087586,0.1376279399704615,0.13641833708623688,0.1388375428546861,0.20336186587810517,0.05901777985796032,0.17407566891364903,8.0,15
high_revision,random|0.9|none|0.0|0|post_failure,B7,0.27891666666666665,0.277620522633035,0.2802128107002983,0.21591709628488803,0.21473468697503767,0.2170995055947384,0.20304316878318787,0.04329900972442798,0.22794439401029512,14.515566666666667,15
high_revision,targeted_whitebox|0.5|none|0.0|0|post_failure,B2,0.6254333333333333,0.6239227220004417,0.6269439446662248,0.42128820069116,0.4200564039305754,0.4225199974517446,0.9929742177327474,0.895451823133813,0.5131395027171538,210.3796433333333,15
high_revision,targeted_whitebox|0.5|none|0.0|0|post_failure,B3,0.48616000000000004,0.48454688166600796,0.4877731183339921,0.3222344311915367,0.3202403703933744,0.32422849198969905,0.5041407962640126,0.3526335287280584,0.3908015910422954,8.0,15
high_revision,targeted_whitebox|0.5|none|0.0|0|post_failure,B3Q,0.6697533333333335,0.668678722597828,0.670827944068839,0.5861548453913719,0.5844892057818205,0.5878204850009232,0.5076215505599976,0.24347539201210253,0.5637140291541158,15.68082,15
high_revision,targeted_whitebox|0.5|none|0.0|0|post_failure,B5,0.4826466666666667,0.4810456363468723,0.48424769698646114,0.3097756080262642,0.3081868225569613,0.3113643934955671,0.43694382111231483,0.0,0.38658859407692653,8.0,15
high_revision,targeted_whitebox|0.5|none|0.0|0|post_failure,B6,0.48723333333333335,0.4856341100563792,0.4888325566102875,0.33263410760528445,0.3310382257601359,0.334229989450433,0.5500710725784301,0.5103439359588448,0.39566819715203644,8.0,15
high_revision,targeted_whitebox|0.5|none|0.0|0|post_failure,B7,0.6284966666666666,0.6266808377450295,0.6303124955883037,0.5351207825062986,0.532914287230784,0.5373272777818131,0.5498991052309672,0.3992357537046966,0.5105022611730521,14.515566666666667,15
low_revision,correlated_org|0.5|none|0.0|0|post_failure,B2,0.9754933333333333,0.9749617662366273,0.9760249004300393,0.6891894486759463,0.6874701897367855,0.6909087076151071,0.9999954462051391,0.9010132129282726,0.5164906020091429,209.76094666666668,15
low_revision,correlated_org|0.5|none|0.0|0|post_failure,B3,0.9135400000000001,0.9125881468023088,0.9144918531976914,0.6368790419865699,0.6344206795484709,0.6393374044246688,0.6220267097155253,0.4589131687378149,0.4765869890909233,8.0,15
low_revision,correlated_org|0.5|none|0.0|0|post_failure,B3Q,0.9298000000000001,0.9290746277124033,0.9305253722875968,0.8306787199823026,0.8269777091225385,0.8343797308420666,0.6286502083142599,0.2984264625329292,0.7006827325525083,15.68082,15
low_revision,correlated_org|0.5|none|0.0|0|post_failure,B5,0.9134066666666667,0.9119914298779321,0.9148219034554013,0.6261909019028888,0.6234779604849693,0.6289038433208084,0.5302446722984314,0.0,0.471120582776675,8.0,15
low_revision,correlated_org|0.5|none|0.0|0|post_failure,B6,0.91562,0.9141708870710658,0.9170691129289342,0.6502934353455107,0.6464747183419722,0.6541121523490491,0.6875668327013652,0.6421838323206827,0.47587592811197427,8.0,15
low_revision,correlated_org|0.5|none|0.0|0|post_failure,B7,0.9281133333333333,0.9271033478247366,0.9291233188419301,0.7988084885070214,0.7957086784542465,0.8019082985597962,0.6883664727210999,0.48660972716513334,0.6227887884093398,14.515566666666667,15
low_revision,random|0.3|root|0.2|0|post_failure,B2,0.8011066666666665,0.7998174194236627,0.8023959139096704,0.5233206179098127,0.5207048984351219,0.5259363373845034,1.0,0.8813565441320587,0.6876915663938739,205.45965999999999,15
low_revision,random|0.3|root|0.2|0|post_failure,B3,0.7825033333333332,0.7812631635057857,0.7837435031608807,0.5140560848280038,0.5123296669903253,0.5157825026656823,0.7059718847274781,0.6087655987049511,0.6467972384490998,8.0,15
low_revision,random|0.3|root|0.2|0|post_failure,B3Q,0.7961333333333334,0.7946091161368475,0.7976575505298192,0.6860770622697824,0.6803716023243894,0.6917825222151753,0.7151379227638245,0.6194911669176218,0.6620031273435674,15.68082,15
low_revision,random|0.3|root|0.2|0|post_failure,B5,0.7735233333333335,0.7722616509297873,0.7747850157368796,0.5021243973493701,0.49968737230443605,0.5045614223943041,0.5614944736162821,0.0,0.6206728303258138,8.0,15
low_revision,random|0.3|root|0.2|0|post_failure,B6,0.79927,0.7979726678530923,0.8005673321469078,0.5355981982400043,0.5324618341574897,0.5387345623225189,0.8108645876248678,0.8105406701758846,0.6953741269975607,8.0,15
low_revision,random|0.3|root|0.2|0|post_failure,B7,0.8101933333333334,0.8084065872146795,0.8119800794519874,0.6693901668548156,0.6649732266105454,0.6738071070990858,0.8100191235542298,0.8003981874966427,0.7066907651877439,14.515566666666667,15
low_revision,random|0.5|none|0.0|0|post_failure,B2,0.9753033333333333,0.974671277962473,0.9759353887041936,0.6872200134921338,0.6846462349472306,0.689793792037037,0.9999904155731201,0.90179747299222,0.508006855905003,209.74856666666668,15
low_revision,random|0.5|none|0.0|0|post_failure,B3,0.9140333333333335,0.9130810506508924,0.9149856160157745,0.6371056525598987,0.6342658294362249,0.6399454756835725,0.6229475498199463,0.4649285647565586,0.47533631261783604,8.0,15
low_revision,random|0.5|none|0.0|0|post_failure,B3Q,0.9294633333333332,0.9287104386711217,0.9302162279955447,0.8301362672906049,0.8256496754815972,0.8346228590996125,0.6279746214548747,0.30879794575355884,0.6983765169399158,15.68082,15
low_revision,random|0.5|none|0.0|0|post_failure,B5,0.9140633333333332,0.9122809570741469,0.9158457095925195,0.6262456035644742,0.6225464243154175,0.629944782813531,0.5307680646578471,0.0,0.46600157977044,8.0,15
low_revision,random|0.5|none|0.0|0|post_failure,B6,0.9140200000000002,0.9127116550060131,0.9153283449939872,0.6475716038656449,0.6447855182046309,0.650357689526659,0.686733603477478,0.6352400680270273,0.4777028550675645,8.0,15
low_revision,random|0.5|none|0.0|0|post_failure,B7,0.92647,0.9252995579277787,0.9276404420722213,0.7987238680298231,0.7955476167197622,0.801900119339884,0.6868787050247193,0.4879333550774639,0.6277606275072737,14.515566666666667,15
low_revision,random|0.9|none|0.0|0|post_failure,B2,0.9382100000000001,0.9369474787137078,0.9394725212862924,0.6540663111460852,0.6510586950664533,0.657073927225717,0.8948181311289469,0.8710552542138017,0.5126640768427374,251.32112666666666,15
low_revision,random|0.9|none|0.0|0|post_failure,B3,0.3361333333333333,0.33473276851873196,0.3375338981479346,0.1918484749457528,0.1895857101547282,0.1941112397367774,0.20094586412111917,0.04122028412197754,0.17412264081227935,8.0,15
low_revision,random|0.9|none|0.0|0|post_failure,B3Q,0.33969000000000005,0.3368993978434877,0.3424806021565124,0.25831722301520194,0.2546067892071437,0.2620276568232602,0.1999200145403544,0.02460463421297167,0.25149291750903063,15.68082,15
low_revision,random|0.9|none|0.0|0|post_failure,B5,0.33599,0.33433889895073093,0.3376411010492691,0.1861757467192341,0.18439837337800852,0.18795312006045967,0.19479013979434967,0.0,0.16702461226723256,8.0,15
low_revision,random|0.9|none|0.0|0|post_failure,B6,0.33499,0.3330919575494052,0.33688804245059484,0.19621801143111245,0.19388365262158522,0.19855237024063968,0.20336186587810517,0.06061823670702296,0.18019931611910175,8.0,15
low_revision,random|0.9|none|0.0|0|post_failure,B7,0.33876666666666666,0.33702991069862703,0.3405034226347063,0.24800372634371076,0.24460616078131472,0.2514012919061068,0.20304316878318787,0.04290290810354758,0.2277640451704976,14.515566666666667,15
low_revision,targeted_whitebox|0.5|none|0.0|0|post_failure,B2,0.9685499999999999,0.9679115194900934,0.9691884805099065,0.6771099682315556,0.6748941121498261,0.679325824313285,0.9929742177327474,0.8993188704159477,0.5035219322605627,210.3796433333333,15
low_revision,targeted_whitebox|0.5|none|0.0|0|post_failure,B3,0.7557733333333334,0.7545441010590072,0.7570025656076597,0.4960921554589432,0.49342799157074035,0.49875631934714604,0.5041407962640126,0.3590655156253211,0.3973583216221422,8.0,15
low_revision,targeted_whitebox|0.5|none|0.0|0|post_failure,B3Q,0.7682833333333332,0.7672194679337333,0.7693471987329331,0.6442640507016291,0.6385616329958488,0.6499664684074093,0.5076215505599976,0.25359599605527794,0.5581166763493945,15.68082,15
low_revision,targeted_whitebox|0.5|none|0.0|0|post_failure,B5,0.7536533333333334,0.7525901991399215,0.7547164675267453,0.4837097241280415,0.48140443049849274,0.4860150177575902,0.43694382111231483,0.0,0.3899470166542242,8.0,15
low_revision,targeted_whitebox|0.5|none|0.0|0|post_failure,B6,0.75525,0.754234416244883,0.756265583755117,0.5063268217329402,0.5031788354708376,0.5094748079950427,0.5500710725784301,0.5130898214827574,0.39890382171259303,8.0,15
low_revision,targeted_whitebox|0.5|none|0.0|0|post_failure,B7,0.76491,0.763880906744477,0.765939093255523,0.6219033658706941,0.6183121139247527,0.6254946178166354,0.5498991052309672,0.3935077663567104,0.5124518158572913,14.515566666666667,15
origin_corruption_50,correlated_org|0.5|none|0.0|0|post_failure,B2,0.8775200000000001,0.8759437780720266,0.8790962219279735,0.6069454892635483,0.6045691056441116,0.609321872882985,0.9999954462051391,0.9011963625615984,0.5165783920496387,209.76094666666668,15
origin_corruption_50,correlated_org|0.5|none|0.0|0|post_failure,B3,0.8210266666666667,0.8201920568940181,0.8218612764393153,0.5626755413368676,0.5611145388456362,0.564236543828099,0.6220267097155253,0.45794556065792147,0.4747990665951653,8.0,15
origin_corruption_50,correlated_org|0.5|none|0.0|0|post_failure,B3Q,0.8986833333333334,0.8976557063090985,0.8997109603575683,0.806607616573946,0.8039568740241775,0.8092583591237145,0.6286502083142599,0.2963136342239727,0.701962427139809,15.68082,15
origin_corruption_50,correlated_org|0.5|none|0.0|0|post_failure,B5,0.8203,0.8187016901474276,0.8218983098525725,0.5515277965359631,0.5492164228223482,0.553839170249578,0.5302446722984314,0.0,0.46922110906138575,8.0,15
origin_corruption_50,correlated_org|0.5|none|0.0|0|post_failure,B6,0.8230966666666666,0.8213189051063746,0.8248744282269586,0.5760815228311722,0.5736536110926442,0.5785094345697002,0.6875668327013652,0.640266232098795,0.47658156142344504,8.0,15
origin_corruption_50,correlated_org|0.5|none|0.0|0|post_failure,B7,0.8838566666666666,0.8824435597299137,0.8852697736034195,0.7648125318617505,0.7622722610662096,0.7673528026572913,0.6883664727210999,0.49159007423588197,0.6330622852773289,14.515566666666667,15
origin_corruption_50,random|0.3|root|0.5|0|post_failure,B2,0.44171333333333335,0.43969771559392906,0.44372895107273763,0.2591216106641456,0.25752022022235005,0.2607230011059411,1.0,0.913076934344217,0.4462225888475199,205.4601166666667,15
origin_corruption_50,random|0.3|root|0.5|0|post_failure,B3,0.43731333333333333,0.4357358032823854,0.43889086338428124,0.25971254432894947,0.25791550754063236,0.2615095811172666,0.7059439301490784,0.6479460399914471,0.4408409983106352,8.0,15
origin_corruption_50,random|0.3|root|0.5|0|post_failure,B3Q,0.4784733333333333,0.47615101203955995,0.48079565462710666,0.38314989502344904,0.3799539925889212,0.38634579745797687,0.7144622842470805,0.6598186083744432,0.47811631022154105,15.68082,15
origin_corruption_50,random|0.3|root|0.5|0|post_failure,B5,0.43404000000000004,0.43169369466846685,0.4363863053315332,0.25362079864083154,0.25179920219226065,0.2554423950894024,0.5613651553789775,0.0,0.4345346788199608,8.0,15
origin_corruption_50,random|0.3|root|0.5|0|post_failure,B6,0.43662666666666666,0.4346306409385408,0.4386226923947925,0.26524192215936243,0.26354596758068627,0.2669378767380386,0.8101760705312093,0.850004805531973,0.43956709961907764,8.0,15
origin_corruption_50,random|0.3|root|0.5|0|post_failure,B7,0.46842666666666666,0.4665824272400986,0.47027090609323474,0.3597739705528723,0.3571782197966669,0.3623697213090777,0.8100535273551941,0.8389404515323368,0.4630548700026733,14.515566666666667,15
origin_corruption_50,random|0.5|none|0.0|0|post_failure,B2,0.8772600000000002,0.8759778090721312,0.8785421909278691,0.6060420241092916,0.6044163609930513,0.607667687225532,0.9999904155731201,0.9026649916691523,0.5141451130590248,209.74856666666668,15
origin_corruption_50,random|0.5|none|0.0|0|post_failure,B3,0.8216833333333334,0.8202554301652558,0.823111236501411,0.5633322237971242,0.5612231556073974,0.565441291986851,0.6229475498199463,0.4564412682571348,0.4772255274460908,8.0,15
origin_corruption_50,random|0.5|none|0.0|0|post_failure,B3Q,0.8985,0.8974864673861048,0.8995135326138951,0.8076747357039817,0.8056307824431587,0.8097186889648048,0.6279746214548747,0.3005002265868003,0.6995150111671341,15.68082,15
origin_corruption_50,random|0.5|none|0.0|0|post_failure,B5,0.82075,0.8191037219439937,0.8223962780560062,0.552051005885774,0.5499321218076432,0.5541698899639049,0.5307680646578471,0.0,0.46864956428712934,8.0,15
origin_corruption_50,random|0.5|none|0.0|0|post_failure,B6,0.8217233333333335,0.8201781627990445,0.8232685038676224,0.5749627139683606,0.5724738488060345,0.5774515791306868,0.686733603477478,0.6409446071009085,0.47927257504465615,8.0,15
origin_corruption_50,random|0.5|none|0.0|0|post_failure,B7,0.8819533333333335,0.8808381097272171,0.8830685569394499,0.7637745881076943,0.7617306892242162,0.7658184869911724,0.6868787050247193,0.48441732098757817,0.6306486854971459,14.515566666666667,15
origin_corruption_50,random|0.9|none|0.0|0|post_failure,B2,0.84362,0.8423839289048557,0.8448560710951444,0.5763844188547455,0.5744677691812206,0.5783010685282703,0.8948181311289469,0.8685691691238889,0.5102147643265871,251.32112666666666,15
origin_corruption_50,random|0.9|none|0.0|0|post_failure,B3,0.3022966666666667,0.3006707573961542,0.30392257593717925,0.1747990297914175,0.1734475103709696,0.17615054921186543,0.20094586412111917,0.03747948245519011,0.17453326726324167,8.0,15
origin_corruption_50,random|0.9|none|0.0|0|post_failure,B3Q,0.32764,0.3250333750158158,0.33024662498418417,0.2507582065022731,0.24854522094963247,0.2529711920549137,0.1999200145403544,0.025502607512181398,0.25009095096630074,15.68082,15
origin_corruption_50,random|0.9|none|0.0|0|post_failure,B5,0.30196999999999996,0.3002866888911208,0.3036533111088791,0.16980710538464974,0.16848084022492532,0.17113337054437416,0.19479013979434967,0.0,0.17310286269270295,8.0,15
origin_corruption_50,random|0.9|none|0.0|0|post_failure,B6,0.3009266666666667,0.29870611152371757,0.3031472218096158,0.17783572952916174,0.17561074206077099,0.1800607169975525,0.20336186587810517,0.06083529367168086,0.17329274513005108,8.0,15
origin_corruption_50,random|0.9|none|0.0|0|post_failure,B7,0.32180333333333333,0.3202601984840342,0.32334646818263246,0.23712102704954716,0.2352054163722359,0.2390366377268584,0.20304316878318787,0.0415970673794969,0.22695662140338654,14.515566666666667,15
origin_corruption_50,targeted_whitebox|0.5|none|0.0|0|post_failure,B2,0.8710633333333335,0.8697028011838763,0.8724238654827907,0.5974769148534574,0.5957192895855221,0.5992345401213928,0.9929742177327474,0.8962416260504168,0.5120307631761517,210.3796433333333,15
origin_corruption_50,targeted_whitebox|0.5|none|0.0|0|post_failure,B3,0.6791533333333334,0.6775743459452962,0.6807323207213706,0.44212502272297094,0.44036071327939236,0.4438893321665495,0.5041407962640126,0.35117138268655534,0.39163438489814745,8.0,15
origin_corruption_50,targeted_whitebox|0.5|none|0.0|0|post_failure,B3Q,0.7405233333333333,0.7394570410489089,0.7415896256177578,0.6285396066796396,0.6263316523323496,0.6307475610269296,0.5076215505599976,0.2469015284602657,0.567447921421525,15.68082,15
origin_corruption_50,targeted_whitebox|0.5|none|0.0|0|post_failure,B5,0.6769466666666666,0.6759763366818825,0.6779169966514507,0.43033796802741175,0.4287590977643791,0.4319168382904444,0.43694382111231483,0.0,0.3879169703567686,8.0,15
origin_corruption_50,targeted_whitebox|0.5|none|0.0|0|post_failure,B6,0.6788500000000002,0.6773693646755181,0.6803306353244822,0.4518455578193294,0.45009746312938675,0.453593652509272,0.5500710725784301,0.5086805480652908,0.39328779095061156,8.0,15
origin_corruption_50,targeted_whitebox|0.5|none|0.0|0|post_failure,B7,0.72609,0.7246983970888949,0.7274816029111051,0.5944009132415071,0.592180978584973,0.5966208478980413,0.5498991052309672,0.3976911909527656,0.5122734434431997,14.515566666666667,15
question_flood,correlated_org|0.5|none|0.0|0|post_failure,B2,0.8775200000000001,0.8759437780720266,0.8790962219279735,0.6069454892635483,0.6045691056441116,0.609321872882985,0.9999954462051391,0.9011963625615984,0.5165783920496387,209.76094666666668,15
question_flood,correlated_org|0.5|none|0.0|0|post_failure,B3,0.8210266666666667,0.8201920568940181,0.8218612764393153,0.5626755413368676,0.5611145388456362,0.564236543828099,0.6220267097155253,0.45794556065792147,0.4747990665951653,8.0,15
question_flood,correlated_org|0.5|none|0.0|0|post_failure,B3Q,0.92827,0.9272776090856573,0.9292623909143428,0.8937600954731677,0.8919230817682557,0.8955971091780797,0.6353317538897196,0.13865241114485913,0.9032252539406689,60.003679999999996,15
question_flood,correlated_org|0.5|none|0.0|0|post_failure,B5,0.8203,0.8187016901474276,0.8218983098525725,0.5515277965359631,0.5492164228223482,0.553839170249578,0.5302446722984314,0.0,0.46922110906138575,8.0,15
question_flood,correlated_org|0.5|none|0.0|0|post_failure,B6,0.8230966666666666,0.8213189051063746,0.8248744282269586,0.5760815228311722,0.5736536110926442,0.5785094345697002,0.6875668327013652,0.640266232098795,0.47658156142344504,8.0,15
question_flood,correlated_org|0.5|none|0.0|0|post_failure,B7,0.9302499999999999,0.9291859115624238,0.931314088437576,0.8958088078012317,0.8939336816169593,0.8976839339855042,0.6869019548098246,0.13764268312699865,0.9056401532877011,59.998006666666676,15
question_flood,random|0.3|root|0.2|0|post_failure,B2,0.7197933333333334,0.7178576462547175,0.7217290204119493,0.4651409117085157,0.4627825090389966,0.46749931437803477,1.0,0.8939305646491084,0.6076821633136373,205.45965999999999,15
question_flood,random|0.3|root|0.2|0|post_failure,B3,0.7030133333333332,0.7008812110414359,0.7051454556252305,0.45823520280013746,0.4559515919780674,0.46051881362220753,0.7059718847274781,0.6276397297032829,0.5740392702248017,8.0,15
question_flood,random|0.3|root|0.2|0|post_failure,B3Q,0.7977833333333333,0.7965940069287173,0.7989726597379493,0.7407631281919745,0.738270448750145,0.743255807633804,0.7257932186126709,0.6095113703952093,0.699794617099797,60.003679999999996,15
question_flood,random|0.3|root|0.2|0|post_failure,B5,0.6950466666666667,0.6931335003769933,0.6969598329563401,0.4457859529052312,0.44346706878680453,0.4481048370236579,0.5614944736162821,0.0,0.5528962703283826,8.0,15
question_flood,random|0.3|root|0.2|0|post_failure,B6,0.7175233333333332,0.7155565492202421,0.7194901174464242,0.4768134725986705,0.47404959119124157,0.47957735400609947,0.8108645876248678,0.827805613955604,0.6121385542136442,8.0,15
question_flood,random|0.3|root|0.2|0|post_failure,B7,0.8137766666666667,0.8122898355396293,0.8152634977937041,0.755599451331485,0.7524102854358463,0.7587886172271237,0.8098929047584533,0.7450958148633812,0.7419825676781713,59.998006666666676,15
question_flood,random|0.5|none|0.0|0|post_failure,B2,0.8772600000000002,0.8759778090721312,0.8785421909278691,0.6060420241092916,0.6044163609930513,0.607667687225532,0.9999904155731201,0.9026649916691523,0.5141451130590248,209.74856666666668,15
question_flood,random|0.5|none|0.0|0|post_failure,B3,0.8216833333333334,0.8202554301652558,0.823111236501411,0.5633322237971242,0.5612231556073974,0.565441291986851,0.6229475498199463,0.4564412682571348,0.4772255274460908,8.0,15
question_flood,random|0.5|none|0.0|0|post_failure,B3Q,0.9294166666666667,0.928554570485696,0.9302787628476373,0.8941760741948421,0.8924942084086449,0.8958579399810394,0.6359769781430562,0.13598607140704896,0.9037129441141617,60.003679999999996,15
question_flood,random|0.5|none|0.0|0|post_failure,B5,0.82075,0.8191037219439937,0.8223962780560062,0.552051005885774,0.5499321218076432,0.5541698899639049,0.5307680646578471,0.0,0.46864956428712934,8.0,15
question_flood,random|0.5|none|0.0|0|post_failure,B6,0.8217233333333335,0.8201781627990445,0.8232685038676224,0.5749627139683606,0.5724738488060345,0.5774515791306868,0.686733603477478,0.6409446071009085,0.47927257504465615,8.0,15
question_flood,random|0.5|none|0.0|0|post_failure,B7,0.9291233333333332,0.9282747335133831,0.9299719331532833,0.8957845345984491,0.894193097554103,0.8973759716427951,0.6871968825658162,0.14003373205087977,0.9048063790039543,59.998006666666676,15
question_flood,random|0.9|none|0.0|0|post_failure,B2,0.84362,0.8423839289048557,0.8448560710951444,0.5763844188547455,0.5744677691812206,0.5783010685282703,0.8948181311289469,0.8685691691238889,0.5102147643265871,251.32112666666666,15
question_flood,random|0.9|none|0.0|0|post_failure,B3,0.3022966666666667,0.3006707573961542,0.30392257593717925,0.1747990297914175,0.1734475103709696,0.17615054921186543,0.20094586412111917,0.03747948245519011,0.17453326726324167,8.0,15
question_flood,random|0.9|none|0.0|0|post_failure,B3Q,0.3384266666666667,0.3367263271441968,0.3401270061891366,0.27955995810784884,0.2769459634655244,0.28217395275017326,0.19988882740338643,0.009282751449526033,0.3251146580457715,60.003679999999996,15
question_flood,random|0.9|none|0.0|0|post_failure,B5,0.30196999999999996,0.3002866888911208,0.3036533111088791,0.16980710538464974,0.16848084022492532,0.17113337054437416,0.19479013979434967,0.0,0.17310286269270295,8.0,15
question_flood,random|0.9|none|0.0|0|post_failure,B6,0.3009266666666667,0.29870611152371757,0.3031472218096158,0.17783572952916174,0.17561074206077099,0.1800607169975525,0.20336186587810517,0.06083529367168086,0.17329274513005108,8.0,15
question_flood,random|0.9|none|0.0|0|post_failure,B7,0.33850333333333343,0.33705578326909197,0.3399508833975749,0.27980919884091443,0.2776404580963845,0.28197793958544437,0.20284807483355205,0.010285222819956537,0.3238081866487121,59.998006666666676,15
question_flood,targeted_whitebox|0.5|none|0.0|0|post_failure,B2,0.8710633333333335,0.8697028011838763,0.8724238654827907,0.5974769148534574,0.5957192895855221,0.5992345401213928,0.9929742177327474,0.8962416260504168,0.5120307631761517,210.3796433333333,15
question_flood,targeted_whitebox|0.5|none|0.0|0|post_failure,B3,0.6791533333333334,0.6775743459452962,0.6807323207213706,0.44212502272297094,0.44036071327939236,0.4438893321665495,0.5041407962640126,0.35117138268655534,0.39163438489814745,8.0,15
question_flood,targeted_whitebox|0.5|none|0.0|0|post_failure,B3Q,0.7676533333333334,0.7670262360637724,0.7682804306028944,0.704221409769447,0.7014761178640339,0.7069667016748602,0.512838359673818,0.10768654123804162,0.7409464168328957,60.003679999999996,15
question_flood,targeted_whitebox|0.5|none|0.0|0|post_failure,B5,0.6769466666666666,0.6759763366818825,0.6779169966514507,0.43033796802741175,0.4287590977643791,0.4319168382904444,0.43694382111231483,0.0,0.3879169703567686,8.0,15
question_flood,targeted_whitebox|0.5|none|0.0|0|post_failure,B6,0.6788500000000002,0.6773693646755181,0.6803306353244822,0.4518455578193294,0.45009746312938675,0.453593652509272,0.5500710725784301,0.5086805480652908,0.39328779095061156,8.0,15
question_flood,targeted_whitebox|0.5|none|0.0|0|post_failure,B7,0.7672366666666666,0.7661425117598378,0.7683308215734953,0.705368252516552,0.7039894182720078,0.7067470867610962,0.5500913818677267,0.1052380243812571,0.7486940174505702,59.998006666666676,15
