metric,system_a,system_b,n_pairs,mean_a,mean_b,mean_diff,ci_low,ci_high,cohens_dz,t_stat,p_paired_t,p_wilcoxon,p_holm,significant_holm_05,question_budget,condition
accuracy_macro,B7,B6,15,0.6011423161007591,0.5760815228311722,0.025060793269586754,0.022996539106099913,0.027142082918755306,6.00817531655241,23.269562942101963,1.3684503317448488e-12,6.103515625e-05,6.842251658724244e-12,True,0.05,correlated_org|0.5|none|0.0|0|post_failure
acc_revision_sensitive,B7,B6,15,0.20769159003955828,0.14178102828895156,0.06591056175060676,0.06300166053749386,0.0691986954051218,10.465775066966478,40.53377253951398,6.462519477328033e-16,6.103515625e-05,6.4625194773280335e-15,True,0.05,correlated_org|0.5|none|0.0|0|post_failure
knowledge_survival,B7,B6,15,0.8297466666666667,0.8230966666666666,0.006650000000000015,0.0050165833333333295,0.008203333333333356,2.048892150723003,7.935325177925287,1.5049758975686978e-06,0.0001220703125,1.354478307811828e-05,True,0.05,correlated_org|0.5|none|0.0|0|post_failure
contradiction_f1,B7,B6,15,0.6354289770816303,0.640266232098795,-0.004837255017164655,-0.01158529961713456,0.00192902742599422,-0.3441461097552518,-1.33287215174416,0.20385995754731967,0.25238037109375,1.0,False,0.05,correlated_org|0.5|none|0.0|0|post_failure
ece_recalibrated,B7,B6,15,0.0056112220795853,0.006324736817247978,-0.0007135147376626761,-0.002827313192182327,0.0013089461413838867,-0.17008702080593835,-0.6587441989874337,0.5207476378558735,0.76153564453125,1.0,False,0.05,correlated_org|0.5|none|0.0|0|post_failure
accuracy_macro,B3Q,B3,15,0.6000796521621706,0.5626755413368676,0.037404110825303115,0.0353116289563091,0.039397072873505405,8.940324252965262,34.62572694142873,5.745798860982836e-15,6.103515625e-05,8.618698291474254e-14,True,0.05,correlated_org|0.5|none|0.0|0|post_failure
acc_revision_sensitive,B3Q,B3,15,0.17654083872545182,0.08272918309550491,0.09381165562994692,0.08912051517078251,0.0982626798791959,9.84361676428748,38.12416379453356,1.5132024359709517e-15,6.103515625e-05,1.0592417051796661e-14,True,0.05,correlated_org|0.5|none|0.0|0|post_failure
knowledge_survival,B3Q,B3,15,0.8324999999999999,0.8210266666666667,0.011473333333333342,0.01025658333333333,0.012643333333333333,4.707301537418937,18.231300460000114,3.758142772688048e-11,6.103515625e-05,7.516285545376096e-10,True,0.05,correlated_org|0.5|none|0.0|0|post_failure
contradiction_f1,B3Q,B3,15,0.4599452395609345,0.45794556065792147,0.0019996789030129985,-0.002886448483719482,0.006980256312714669,0.19688237928617977,0.7625221761370663,0.4584040695500779,0.48870849609375,1.0,False,0.05,correlated_org|0.5|none|0.0|0|post_failure
ece_recalibrated,B3Q,B3,15,0.00631661622818795,0.0041716125142204205,0.0021450037139675287,0.0005557365830379106,0.0036959168070468972,0.6637421209989873,2.570662180805466,0.02220868302684147,0.0301513671875,0.9105560041005003,False,0.05,correlated_org|0.5|none|0.0|0|post_failure
accuracy_macro,B7,B6,15,0.5231887856531093,0.5097732621679713,0.013415523485138126,0.010023475077459869,0.016479582942036382,2.0221977782815137,7.83193831802194,1.751871038951656e-06,0.0001220703125,1.751871038951656e-06,True,0.05,random|0.3|node_coordinated|0.2|0|post_failure
acc_revision_sensitive,B7,B6,15,0.16518687895831746,0.11867121716260162,0.04651566179571585,0.04150547502853724,0.051228022386086834,4.735892943314269,18.342034498877393,3.4637193558279606e-11,6.103515625e-05,3.4637193558279606e-11,True,0.05,random|0.3|node_coordinated|0.2|0|post_failure
knowledge_survival,B7,B6,15,0.75329,0.7523466666666665,0.0009433333333333109,-0.001456833333333365,0.003046916666666638,0.20438735328596688,0.7915888154519615,0.44180650728970056,0.1688232421875,1.0,False,0.05,random|0.3|node_coordinated|0.2|0|post_failure
contradiction_f1,B7,B6,15,0.5546920801165208,0.5560980740055423,-0.0014059938890217246,-0.004013753359283956,0.0010492647844898228,-0.269424821472913,-1.0434778466194985,0.3144113162330004,0.359130859375,1.0,False,0.05,random|0.3|node_coordinated|0.2|0|post_failure
ece_recalibrated,B7,B6,15,0.010362019090809214,0.00861038083846693,0.0017516382523422834,-0.00020413021105614507,0.003820903491136057,0.4277129059393989,1.6565249616612714,0.11984779906819229,0.1876220703125,1.0,False,0.05,random|0.3|node_coordinated|0.2|0|post_failure
accuracy_macro,B3Q,B3,15,0.5229640862227224,0.499793919717396,0.023170166505326398,0.021405593179867087,0.025248851618999535,5.944175564072783,23.02169296658697,1.58411830442303e-12,6.103515625e-05,6.842251658724244e-12,True,0.05,random|0.3|node_coordinated|0.2|0|post_failure
acc_revision_sensitive,B3Q,B3,15,0.13637324911682544,0.0682768299103315,0.06809641920649392,0.06369958919268259,0.07227625597617673,7.713955298743829,29.87602040542331,4.417196630330196e-14,6.103515625e-05,1.3251589890990589e-13,True,0.05,random|0.3|node_coordinated|0.2|0|post_failure
knowledge_survival,B3Q,B3,15,0.7546766666666666,0.75243,0.002246666666666686,0.0005199166666666767,0.004076666666666676,0.6170532494758365,2.3898369589430852,0.031475382533154427,0.046782132998777204,0.15737691266577214,False,0.05,random|0.3|node_coordinated|0.2|0|post_failure
contradiction_f1,B3Q,B3,15,0.5378117982827977,0.5399097222648485,-0.00209792398205082,-0.00405650880061836,-0.00011935248350525252,-0.5121339272690856,-1.9834861713409686,0.06728062865574878,0.083251953125,1.0,False,0.05,random|0.3|node_coordinated|0.2|0|post_failure
ece_recalibrated,B3Q,B3,15,0.008498509204149848,0.008985869115500193,-0.0004873599113503448,-0.002516014797875923,0.0017325323762955045,-0.11230177087267097,-0.43494288833945577,0.6702336302323189,0.638671875,1.0,False,0.05,random|0.3|node_coordinated|0.2|0|post_failure
accuracy_macro,B7,B6,15,0.4996834660512659,0.4768134725986705,0.022869993452595393,0.021411509706106387,0.02432519899701957,7.6689072693860645,29.701550137941222,4.788935350705329e-14,6.103515625e-05,4.310041815634796e-13,True,0.05,random|0.3|root|0.2|0|post_failure
acc_revision_sensitive,B7,B6,15,0.17226452890149682,0.11695586244359808,0.05530866645789867,0.052649492635034614,0.057993181056257864,10.061797854953712,38.96917552514124,1.1162752524147395e-15,6.103515625e-05,1.0046477271732654e-14,True,0.05,random|0.3|root|0.2|0|post_failure
knowledge_survival,B7,B6,15,0.7236600000000001,0.7175233333333332,0.006136666666666657,0.004856666666666678,0.007346666666666657,2.4085563825211986,9.328298757906184,2.194710802807915e-07,6.103515625e-05,2.1947108028079148e-06,True,0.05,random|0.3|root|0.2|0|post_failure
contradiction_f1,B7,B6,15,0.8259217745444367,0.827805613955604,-0.001883839411167439,-0.00429706736450215,0.00042299860405717776,-0.38911693594528235,-1.5070434126433367,0.1540288639352885,0.22930908203125,1.0,False,0.05,random|0.3|root|0.2|0|post_failure
ece_recalibrated,B7,B6,15,0.010090325303744405,0.008759153826351656,0.0013311714773927494,-0.001425678860288783,0.004049848751213345,0.23397881567130188,0.9061960564602873,0.3801643877224685,0.25238037109375,1.0,False,0.05,random|0.3|root|0.2|0|post_failure
accuracy_macro,B3Q,B3,15,0.4907916387555274,0.45823520280013746,0.032556435955389894,0.030710319040354535,0.03432467624791886,8.684642226939275,33.63547471270551,8.58626324518147e-15,6.103515625e-05,1.202076854325406e-13,True,0.05,random|0.3|root|0.2|0|post_failure
acc_revision_sensitive,B3Q,B3,15,0.1449948043530948,0.06620035831345335,0.07879444603964147,0.07461416466400295,0.08251927000272877,9.641624566570828,37.341851376713116,2.017477484536759e-15,6.103515625e-05,1.2104864907220554e-14,True,0.05,random|0.3|root|0.2|0|post_failure
knowledge_survival,B3Q,B3,15,0.7115566666666667,0.7030133333333332,0.00854333333333334,0.007546666666666679,0.009463333333333327,4.262378206221609,16.508119807933735,1.4238148383998996e-10,6.103515625e-05,2.4204852252798293e-09,True,0.05,random|0.3|root|0.2|0|post_failure
contradiction_f1,B3Q,B3,15,0.6276867556803436,0.6276397297032829,4.7025977060854984e-05,-0.0033321932589363877,0.0032307145728193497,0.006999035985128146,0.02710714980990773,0.9787568834382496,0.890380859375,1.0,False,0.05,random|0.3|root|0.2|0|post_failure
ece_recalibrated,B3Q,B3,15,0.00729940372439127,0.007207802923618095,9.16008007731754e-05,-0.0015893864753272508,0.0018853164570296122,0.02555345543684621,0.09896810734495876,0.9225667104117158,0.93408203125,1.0,False,0.05,random|0.3|root|0.2|0|post_failure
accuracy_macro,B7,B6,15,0.6019105545473604,0.5749627139683606,0.026947840578999786,0.02541155595112414,0.028498271792845798,8.463245189810578,32.7780076750064,1.2273494708666426e-14,6.103515625e-05,1.5955543121266355e-13,True,0.05,random|0.5|none|0.0|0|post_failure
acc_revision_sensitive,B7,B6,15,0.20751451395164947,0.14338449760142544,0.06413001635022401,0.060871841139610236,0.06756878579650395,9.341873810517402,36.18092169050512,3.1260003104086085e-15,6.103515625e-05,1.5630001552043043e-14,True,0.05,random|0.5|none|0.0|0|post_failure
knowledge_survival,B7,B6,15,0.8297800000000001,0.8217233333333335,0.008056666666666682,0.007136583333333355,0.008953416666666684,4.362731612179979,16.896786877945694,1.043048606721363e-10,0.0006533107814151376,1.892154887918512e-09,True,0.05,random|0.5|none|0.0|0|post_failure
contradiction_f1,B7,B6,15,0.6350777447281898,0.6409446071009085,-0.005866862372718725,-0.013226817216452646,0.001814442157774021,-0.3799780279059751,-1.4716485740045788,0.1632356742952897,0.12054443359375,1.0,False,0.05,random|0.5|none|0.0|0|post_failure
ece_recalibrated,B7,B6,15,0.00635470264153123,0.005891959259159474,0.00046274338237175595,-0.0010670588899220662,0.002126917328937074,0.14044159867331088,0.5439279727764788,0.5950478456834306,0.890380859375,1.0,False,0.05,random|0.5|none|0.0|0|post_failure
accuracy_macro,B3Q,B3,15,0.5998935037147368,0.5633322237971242,0.036561279917612335,0.03420406187449632,0.03895204931604297,7.418908818725041,28.733310301953416,7.563057684991286e-14,6.103515625e-05,6.050446147993029e-13,True,0.05,random|0.5|none|0.0|0|post_failure
acc_revision_sensitive,B3Q,B3,15,0.17428417025429574,0.08435067674561655,0.08993349350867921,0.08596683516172848,0.09386078321066912,11.003022334856452,42.61452226084728,3.2235075341625116e-16,6.103515625e-05,3.5458582875787625e-15,True,0.05,random|0.5|none|0.0|0|post_failure
knowledge_survival,B3Q,B3,15,0.8320933333333334,0.8216833333333334,0.010410000000000015,0.009186583333333328,0.011723333333333353,4.01444344249666,15.547872597081136,3.163310794569117e-10,0.0006533107814151376,5.061297271310587e-09,True,0.05,random|0.5|none|0.0|0|post_failure
contradiction_f1,B3Q,B3,15,0.45580685994186865,0.4564412682571348,-0.0006344083152662734,-0.009581898950785189,0.008702729713272019,-0.033707612518871936,-0.13054902192600365,0.8979893918637918,0.890380859375,1.0,False,0.05,random|0.5|none|0.0|0|post_failure
ece_recalibrated,B3Q,B3,15,0.005597828190262664,0.006589960543768287,-0.0009921323535056242,-0.0030469825119360727,0.001004448084269917,-0.23671966001315156,-0.9168113009508178,0.37476507309312385,0.48870849609375,1.0,False,0.05,random|0.5|none|0.0|0|post_failure
accuracy_macro,B7,B6,15,0.47173301086628444,0.4518455578193294,0.01988745304695499,0.017985421390996573,0.021810555447931035,5.0059498689738495,19.387960474484917,1.6380989856812725e-11,6.103515625e-05,4.9142969570438174e-11,True,0.05,targeted_whitebox|0.5|none|0.0|0|post_failure
acc_revision_sensitive,B7,B6,15,0.1688125978201637,0.12028832174719756,0.04852427607296617,0.04544416170655964,0.05174108818555138,7.54958689554025,29.239424317173135,5.945177932414421e-14,6.103515625e-05,1.3251589890990589e-13,True,0.05,targeted_whitebox|0.5|none|0.0|0|post_failure
knowledge_survival,B7,B6,15,0.6851166666666665,0.6788500000000002,0.006266666666666665,0.004713333333333325,0.007640083333333349,2.045334638293304,7.9215469915311365,1.5356375316126643e-06,0.000803313257091444,1.354478307811828e-05,True,0.05,targeted_whitebox|0.5|none|0.0|0|post_failure
contradiction_f1,B7,B6,15,0.5014511636663573,0.5086805480652908,-0.007229384398933736,-0.017903131881976626,0.002323592724768543,-0.3527654159929969,-1.3662545812588083,0.1934039175035706,0.45428466796875,1.0,False,0.05,targeted_whitebox|0.5|none|0.0|0|post_failure
ece_recalibrated,B7,B6,15,0.005696053318390893,0.007492714632823407,-0.0017966613144325147,-0.004353872428023869,0.0006711332648894374,-0.348266437092147,-1.3488301109008782,0.19880588324629153,0.25238037109375,1.0,False,0.05,targeted_whitebox|0.5|none|0.0|0|post_failure
accuracy_macro,B3Q,B3,15,0.4690529390391516,0.44212502272297094,0.02692791631618071,0.025058268976309358,0.029086978269059188,6.589682301346373,25.521729809912262,3.860724724923326e-13,6.103515625e-05,2.7025073074463284e-12,True,0.05,targeted_whitebox|0.5|none|0.0|0|post_failure
acc_revision_sensitive,B3Q,B3,15,0.14021477959394282,0.07071845735226732,0.06949632224167548,0.06586518376418798,0.07310344836561622,9.328760696018412,36.13013481643362,3.187460297665584e-15,6.103515625e-05,1.5630001552043043e-14,True,0.05,targeted_whitebox|0.5|none|0.0|0|post_failure
knowledge_survival,B3Q,B3,15,0.6873100000000001,0.6791533333333334,0.008156666666666671,0.006933333333333362,0.009250000000000003,3.485392787745883,13.498868221931247,2.036286319573555e-09,0.0006533107814151376,2.6471722154456214e-08,True,0.05,targeted_whitebox|0.5|none|0.0|0|post_failure
contradiction_f1,B3Q,B3,15,0.35407356099436016,0.35117138268655534,0.002902178307804763,-0.005745886436728414,0.012853913247298468,0.1535027110164467,0.5945134433643878,0.5616543059867293,0.76153564453125,1.0,False,0.05,targeted_whitebox|0.5|none|0.0|0|post_failure
ece_recalibrated,B3Q,B3,15,0.00526135687950144,0.006288795828873497,-0.001027438949372059,-0.0028529792712206096,0.0008223823226308725,-0.2723452429819508,-1.0547885904879077,0.3093859299572025,0.389404296875,1.0,False,0.05,targeted_whitebox|0.5|none|0.0|0|post_failure
accuracy_macro,B7,B6,15,0.6216904521417405,0.5760815228311722,0.045608929310568286,0.04329964245250307,0.04797084713373922,9.625979052121066,37.281256559806344,2.063434960473327e-15,6.103515625e-05,3.3014959367573235e-14,True,0.1,correlated_org|0.5|none|0.0|0|post_failure
acc_revision_sensitive,B7,B6,15,0.25914027795134914,0.14178102828895156,0.11735924966239761,0.11397921041810165,0.12082275162927815,16.897258566325497,65.44280102393927,8.178162921722487e-19,6.103515625e-05,1.3902876966928227e-17,True,0.1,correlated_org|0.5|none|0.0|0|post_failure
knowledge_survival,B7,B6,15,0.8358399999999999,0.8230966666666666,0.012743333333333344,0.011010000000000046,0.01445,3.6365092947543203,14.084139936911962,1.1678391697826965e-09,6.103515625e-05,1.6349748376957752e-08,True,0.1,correlated_org|0.5|none|0.0|0|post_failure
contradiction_f1,B7,B6,15,0.6311177308309307,0.640266232098795,-0.009148501267864269,-0.016241375324689413,-0.0020059481468037606,-0.6169087417895605,-2.389277283080739,0.03150910670610266,0.0301513671875,0.6616912408281558,False,0.1,correlated_org|0.5|none|0.0|0|post_failure
ece_recalibrated,B7,B6,15,0.0051603341259052376,0.006324736817247978,-0.001164402691342739,-0.0029876214502272914,0.00060217631882545,-0.3174504856176266,-1.229480444042525,0.2391549266707569,0.25238037109375,1.0,False,0.1,correlated_org|0.5|none|0.0|0|post_failure
accuracy_macro,B3Q,B3,15,0.6279982768408524,0.5626755413368676,0.06532273550398486,0.06315605016741614,0.06747086778344129,14.691594153716023,56.900299486580415,5.756018987746318e-18,6.103515625e-05,1.323884367181653e-16,True,0.1,correlated_org|0.5|none|0.0|0|post_failure
acc_revision_sensitive,B3Q,B3,15,0.24632018864802935,0.08272918309550491,0.1635910055525244,0.15980064939110944,0.1673085067288872,20.962633852776037,81.1879318044454,4.0280595112751595e-20,6.103515625e-05,9.264536875932867e-19,True,0.1,correlated_org|0.5|none|0.0|0|post_failure
knowledge_survival,B3Q,B3,15,0.8407966666666666,0.8210266666666667,0.019770000000000006,0.01840666666666667,0.021056666666666685,7.22797223428907,27.993816090251183,1.0831387651954454e-13,6.103515625e-05,2.7999360866832824e-12,True,0.1,correlated_org|0.5|none|0.0|0|post_failure
contradiction_f1,B3Q,B3,15,0.44719384299948733,0.45794556065792147,-0.010751717658434115,-0.014972290394848013,-0.005787244827476843,-1.1365546958114243,-4.401857408931483,0.0006026560487382496,0.0008544921875,0.01627171331593274,True,0.1,correlated_org|0.5|none|0.0|0|post_failure
ece_recalibrated,B3Q,B3,15,0.006292483007950126,0.0041716125142204205,0.002120870493729703,6.491802406101561e-05,0.004057636807557462,0.5223438563563583,2.023029056661935,0.06259915206036142,0.063720703125,1.0,False,0.1,correlated_org|0.5|none|0.0|0|post_failure
accuracy_macro,B7,B6,15,0.5342377527975828,0.5097732621679713,0.024464490629611455,0.021297761799738284,0.027492233672031022,3.8228990622334424,14.806024402262073,6.045171889359147e-10,6.103515625e-05,1.2090343778718295e-09,True,0.1,random|0.3|node_coordinated|0.2|0|post_failure
acc_revision_sensitive,B7,B6,15,0.20353084961553888,0.11867121716260162,0.08485963245293725,0.08055172445020709,0.08880448770986259,10.051873387391517,38.930738227552865,1.1316703971364273e-15,6.103515625e-05,1.0046477271732654e-14,True,0.1,random|0.3|node_coordinated|0.2|0|post_failure
knowledge_survival,B7,B6,15,0.7531566666666666,0.7523466666666665,0.0008099999999999923,-0.0015135833333333219,0.002913333333333309,0.17795567949373986,0.6892193830422793,0.5019491551627921,0.359130859375,1.0,False,0.1,random|0.3|node_coordinated|0.2|0|post_failure
contradiction_f1,B7,B6,15,0.5541035283777265,0.5560980740055423,-0.0019945456278159727,-0.004531839752395101,0.0003902371527539328,-0.39121206230158156,-1.5151578021294836,0.15198093067914145,0.12054443359375,1.0,False,0.1,random|0.3|node_coordinated|0.2|0|post_failure
ece_recalibrated,B7,B6,15,0.00993704876668025,0.00861038083846693,0.00132666792821332,-0.0007868276950370603,0.003563088141337182,0.2955520636214376,1.144668220343063,0.27153972003322957,0.33026123046875,1.0,False,0.1,random|0.3|node_coordinated|0.2|0|post_failure
accuracy_macro,B3Q,B3,15,0.5382301419008452,0.499793919717396,0.03843622218344912,0.036227809438083076,0.04084069021487635,8.114534132303866,31.427455556644524,2.1957245439143577e-14,6.103515625e-05,2.4152969983057935e-13,True,0.1,random|0.3|node_coordinated|0.2|0|post_failure
acc_revision_sensitive,B3Q,B3,15,0.19187126498473409,0.0682768299103315,0.12359443507440257,0.12033216930057221,0.12710252203077282,17.681024421725372,68.478313129229,4.342946574202227e-19,6.103515625e-05,7.817303833564008e-18,True,0.1,random|0.3|node_coordinated|0.2|0|post_failure
knowledge_survival,B3Q,B3,15,0.7553766666666665,0.75243,0.0029466666666666604,0.001210000000000007,0.0047899999999999904,0.7962357750968436,3.08380789660463,0.008088353935383538,0.0067138671875,0.048530123612301225,True,0.1,random|0.3|node_coordinated|0.2|0|post_failure
contradiction_f1,B3Q,B3,15,0.5355070438627472,0.5399097222648485,-0.004402678402101319,-0.007245133040295549,-0.0014512481806724705,-0.7307945569006051,-2.830355148375072,0.013357393576678334,0.02154541015625,0.32057744584028003,False,0.1,random|0.3|node_coordinated|0.2|0|post_failure
ece_recalibrated,B3Q,B3,15,0.007456181038009921,0.008985869115500193,-0.0015296880774902711,-0.0031621288260596145,0.0006373284904074138,-0.38827505021918834,-1.503782803246765,0.15485831561939897,0.02557373046875,1.0,False,0.1,random|0.3|node_coordinated|0.2|0|post_failure
accuracy_macro,B7,B6,15,0.517460091904423,0.4768134725986705,0.04064661930575235,0.039058041329182586,0.04224181793122346,12.568168670518197,48.6763079532428,5.067407324054595e-17,6.103515625e-05,1.064155538051465e-15,True,0.1,random|0.3|root|0.2|0|post_failure
acc_revision_sensitive,B7,B6,15,0.2153198546961618,0.11695586244359808,0.0983639922525637,0.09542819907723697,0.10140572733433288,16.164420557480415,62.604531620214445,1.5183793534907252e-18,6.103515625e-05,2.277569030236088e-17,True,0.1,random|0.3|root|0.2|0|post_failure
knowledge_survival,B7,B6,15,0.72876,0.7175233333333332,0.01123666666666665,0.009963333333333347,0.012483333333333313,4.377840329745365,16.955302689458986,9.958709936413222e-11,6.103515625e-05,1.892154887918512e-09,True,0.1,random|0.3|root|0.2|0|post_failure
contradiction_f1,B7,B6,15,0.8243391354824479,0.827805613955604,-0.003466478473156472,-0.005846860171326521,-0.0011502169602363266,-0.7163729757720155,-2.7745006048380656,0.014909728268046915,0.02154541015625,0.34292375016507903,False,0.1,random|0.3|root|0.2|0|post_failure
ece_recalibrated,B7,B6,15,0.009991543619652462,0.008759153826351656,0.0012323897933008033,-0.0017072120143923409,0.004307788573735275,0.19864341638534277,0.769342643494178,0.4544749230692892,0.48870849609375,1.0,False,0.1,random|0.3|root|0.2|0|post_failure
accuracy_macro,B3Q,B3,15,0.516613402739834,0.45823520280013746,0.058378199939696535,0.05662756847904999,0.06009395553931032,16.30534380178174,63.150324998487,1.3451707684753285e-18,6.103515625e-05,3.497443998035854e-17,True,0.1,random|0.3|root|0.2|0|post_failure
acc_revision_sensitive,B3Q,B3,15,0.20764850103606516,0.06620035831345335,0.1414481427226118,0.13801740026470963,0.14470982915505096,20.816164987205084,80.62066032735122,4.442652609075439e-20,6.103515625e-05,9.773835739965965e-19,True,0.1,random|0.3|root|0.2|0|post_failure
knowledge_survival,B3Q,B3,15,0.7188633333333332,0.7030133333333332,0.01585000000000001,0.014766583333333343,0.01688,7.231005820735795,28.005565120038625,1.0768984948781855e-13,6.103515625e-05,2.7999360866832824e-12,True,0.1,random|0.3|root|0.2|0|post_failure
contradiction_f1,B3Q,B3,15,0.6255278287286965,0.6276397297032829,-0.002111900974586341,-0.004334780700688891,9.653116307678091e-05,-0.4618188995632968,-1.7886169069724844,0.09532940738588319,0.12054443359375,1.0,False,0.1,random|0.3|root|0.2|0|post_failure
ece_recalibrated,B3Q,B3,15,0.01037306951054826,0.007207802923618095,0.0031652665869301663,0.0009737695745680194,0.00552862975239632,0.6792532560573115,2.6307365485671297,0.01975804518185628,0.02557373046875,0.8298378976379637,False,0.1,random|0.3|root|0.2|0|post_failure
accuracy_macro,B7,B6,15,0.6231260025471933,0.5749627139683606,0.04816328857883274,0.04636278062339225,0.04991778995265021,13.09217294546687,50.705767783460495,2.869083569032735e-17,6.103515625e-05,6.311983851872016e-16,True,0.1,random|0.5|none|0.0|0|post_failure
acc_revision_sensitive,B7,B6,15,0.2591125016591626,0.14338449760142544,0.11572800405773714,0.11218937701743324,0.11939722453497197,15.664490553267347,60.66831103962784,2.3536215584144874e-18,6.103515625e-05,3.295070181780282e-17,True,0.1,random|0.5|none|0.0|0|post_failure
knowledge_survival,B7,B6,15,0.8358899999999999,0.8217233333333335,0.01416666666666666,0.013249916666666644,0.015110000000000002,7.467723764623448,28.922369774463967,6.909424324001742e-14,6.103515625e-05,1.86554456748047e-12,True,0.1,random|0.5|none|0.0|0|post_failure
contradiction_f1,B7,B6,15,0.6311204412776239,0.6409446071009085,-0.009824165823284596,-0.01713981769442667,-0.0022110154680529772,-0.643731699014213,-2.4931621497078527,0.02580522419716165,0.041259765625,0.5677149323375563,False,0.1,random|0.5|none|0.0|0|post_failure
ece_recalibrated,B7,B6,15,0.0059040246219583675,0.005891959259159474,1.2065362798893235e-05,-0.0018492748247243558,0.0019206646256045875,0.003120193981592606,0.012084459327644776,0.9905287509455573,0.97796630859375,1.0,False,0.1,random|0.5|none|0.0|0|post_failure
accuracy_macro,B3Q,B3,15,0.6312988102080943,0.5633322237971242,0.06796658641097005,0.06641746145514224,0.06958898523355633,21.004559078558554,81.35030750568708,3.917165125714189e-20,6.103515625e-05,1.2926644914856824e-18,True,0.1,random|0.5|none|0.0|0|post_failure
acc_revision_sensitive,B3Q,B3,15,0.24971117555886016,0.08435067674561655,0.1653604988132436,0.16150727562795167,0.1693493333725726,20.340151217447115,78.7770669245132,6.137675352468884e-20,6.103515625e-05,1.2275350704937767e-18,True,0.1,random|0.5|none|0.0|0|post_failure
knowledge_survival,B3Q,B3,15,0.8410633333333333,0.8216833333333334,0.019380000000000012,0.018283249999999997,0.02049341666666668,8.630153409352019,33.42444042963553,9.36765143117031e-15,6.103515625e-05,2.810295429351093e-13,True,0.1,random|0.5|none|0.0|0|post_failure
contradiction_f1,B3Q,B3,15,0.4473595794848242,0.4564412682571348,-0.009081688772310728,-0.017465799527237803,-0.0004872743987971265,-0.5238370762667244,-2.0288122725070075,0.061940054636572706,0.072998046875,1.0,False,0.1,random|0.5|none|0.0|0|post_failure
ece_recalibrated,B3Q,B3,15,0.005129704482011042,0.006589960543768287,-0.001460256061757246,-0.003378604702234531,0.0006642668176964655,-0.3547113766561948,-1.3737912544997486,0.19110471835995665,0.15142822265625,1.0,False,0.1,random|0.5|none|0.0|0|post_failure
accuracy_macro,B7,B6,15,0.48770573789844057,0.4518455578193294,0.03586018007911118,0.034193872645335265,0.03745081210856611,10.558070589699348,40.891231561987894,5.720536749847273e-16,6.103515625e-05,1.0296966149725091e-14,True,0.1,targeted_whitebox|0.5|none|0.0|0|post_failure
acc_revision_sensitive,B7,B6,15,0.208799293772542,0.12028832174719756,0.08851097202534444,0.0853534879453363,0.09169531787182748,13.52373691700952,52.3772078580683,1.8260937713712046e-17,6.103515625e-05,2.373921902782566e-16,True,0.1,targeted_whitebox|0.5|none|0.0|0|post_failure
knowledge_survival,B7,B6,15,0.6898533333333334,0.6788500000000002,0.011003333333333329,0.009519999999999989,0.012316666666666672,3.7356611644197573,14.468153476871528,8.1976128685375e-10,6.103515625e-05,1.2296419302806251e-08,True,0.1,targeted_whitebox|0.5|none|0.0|0|post_failure
contradiction_f1,B7,B6,15,0.49939539094766516,0.5086805480652908,-0.009285157117625826,-0.020006039982581922,0.00033176087503399487,-0.44943531299533346,-1.7406554824284446,0.10366612030741001,0.27685546875,1.0,False,0.1,targeted_whitebox|0.5|none|0.0|0|post_failure
ece_recalibrated,B7,B6,15,0.00582055837900607,0.007492714632823407,-0.001672156253817336,-0.004197588706909425,0.0006858845393089911,-0.33017969093589067,-1.2787804442506165,0.22176612764277562,0.48870849609375,1.0,False,0.1,targeted_whitebox|0.5|none|0.0|0|post_failure
accuracy_macro,B3Q,B3,15,0.49245464312223014,0.44212502272297094,0.05032962039925917,0.04826744387353113,0.0525273283917719,11.440420629972625,44.30855857349174,1.874755487701365e-16,6.103515625e-05,3.7495109754027295e-15,True,0.1,targeted_whitebox|0.5|none|0.0|0|post_failure
acc_revision_sensitive,B3Q,B3,15,0.19626922401184163,0.07071845735226732,0.1255507666595743,0.12230657404340653,0.12837654639286222,19.79015959011397,76.64695851129842,9.001414112119981e-20,6.103515625e-05,1.7102686813027964e-18,True,0.1,targeted_whitebox|0.5|none|0.0|0|post_failure
knowledge_survival,B3Q,B3,15,0.6945233333333332,0.6791533333333334,0.015370000000000002,0.013939999999999998,0.016716666666666654,5.455369636393377,21.12855574915716,5.103043672523493e-12,6.103515625e-05,1.0716391712299336e-10,True,0.1,targeted_whitebox|0.5|none|0.0|0|post_failure
contradiction_f1,B3Q,B3,15,0.3410527154656757,0.35117138268655534,-0.01011866722087967,-0.020217764546939125,-0.00021691789751442775,-0.49912981172047705,-1.9331214483890509,0.07370514819923778,0.12054443359375,1.0,False,0.1,targeted_whitebox|0.5|none|0.0|0|post_failure
ece_recalibrated,B3Q,B3,15,0.006651096213783175,0.006288795828873497,0.00036230038490967615,-0.002238504384825942,0.002803106078128451,0.07058507085514984,0.27337480391286584,0.788556654480916,0.5994873046875,1.0,False,0.1,targeted_whitebox|0.5|none|0.0|0|post_failure
accuracy_macro,B7,B6,15,0.6585452005072793,0.5760815228311722,0.08246367767610725,0.08013336550023024,0.0847753704042991,17.564796596789737,68.02816469888735,4.761809623667793e-19,6.103515625e-05,1.3333066946269819e-17,True,0.2,correlated_org|0.5|none|0.0|0|post_failure
acc_revision_sensitive,B7,B6,15,0.3501659199368551,0.14178102828895156,0.20838489164790358,0.204764705241957,0.21169541805973846,29.439988134522277,114.02058375754875,3.4929346331549517e-22,6.103515625e-05,1.1526684289411341e-20,True,0.2,correlated_org|0.5|none|0.0|0|post_failure
knowledge_survival,B7,B6,15,0.847,0.8230966666666666,0.023903333333333342,0.022140000000000017,0.02560333333333335,6.757075007311151,26.170038972390447,2.735807301117078e-13,6.103515625e-05,6.5659375226809874e-12,True,0.2,correlated_org|0.5|none|0.0|0|post_failure
contradiction_f1,B7,B6,15,0.6184786860323576,0.640266232098795,-0.021787546066437492,-0.028780252147572325,-0.014680137558543908,-1.4842129503219308,-5.748332038822214,5.0390082946764065e-05,0.00018310546875,0.00161248265429645,True,0.2,correlated_org|0.5|none|0.0|0|post_failure
ece_recalibrated,B7,B6,15,0.004151595982135906,0.006324736817247978,-0.002173140835112073,-0.004053034141785738,-0.00032005495719064674,-0.5730043107644514,-2.2192361528957787,0.04350126483168661,0.02557373046875,1.0,False,0.2,correlated_org|0.5|none|0.0|0|post_failure
accuracy_macro,B3Q,B3,15,0.6749848670830049,0.5626755413368676,0.11230932574613736,0.10924437870410376,0.11524869627477227,18.183210270446853,70.42327055802832,2.9373976863572086e-19,6.103515625e-05,8.812193059071626e-18,True,0.2,correlated_org|0.5|none|0.0|0|post_failure
acc_revision_sensitive,B3Q,B3,15,0.36471247570931786,0.08272918309550491,0.28198329261381294,0.27606229888955885,0.2878279476823505,23.09951723744734,89.46404556606471,1.0374405713562491e-20,6.103515625e-05,2.8010895426618725e-19,True,0.2,correlated_org|0.5|none|0.0|0|post_failure
knowledge_survival,B3Q,B3,15,0.8549100000000001,0.8210266666666667,0.033883333333333356,0.03248991666666668,0.03519666666666668,12.191025245614833,47.215637749460434,7.744241734664984e-17,0.0006533107814151376,2.5555997724394447e-15,True,0.2,correlated_org|0.5|none|0.0|0|post_failure
contradiction_f1,B3Q,B3,15,0.43934572168690145,0.45794556065792147,-0.018599838971020074,-0.025020962973148847,-0.011811368951378654,-1.369630851489787,-5.304557478271829,0.00011124551352253956,0.0006103515625,0.003114874378631108,True,0.2,correlated_org|0.5|none|0.0|0|post_failure
ece_recalibrated,B3Q,B3,15,0.005964205423625731,0.0041716125142204205,0.0017925929094053082,0.00036627705332144186,0.003345054335230995,0.5907616635472167,2.2880100844961597,0.03820857062423975,0.04791259765625,1.0,False,0.2,correlated_org|0.5|none|0.0|0|post_failure
accuracy_macro,B7,B6,15,0.5519722103326683,0.5097732621679713,0.042198948164697145,0.03872674171163372,0.04544619986733608,6.166295467896581,23.88195965495773,9.59233681360158e-13,6.103515625e-05,5.755402088160948e-12,True,0.2,random|0.3|node_coordinated|0.2|0|post_failure
acc_revision_sensitive,B7,B6,15,0.26943041585528427,0.11867121716260162,0.15075919869268273,0.14504938602038983,0.15645561657735182,12.865549246699981,49.828057972280405,3.658999077158035e-17,6.103515625e-05,4.390798892589642e-16,True,0.2,random|0.3|node_coordinated|0.2|0|post_failure
knowledge_survival,B7,B6,15,0.7517633333333331,0.7523466666666665,-0.0005833333333333431,-0.00301666666666666,0.0015434166666666576,-0.1247609598473892,-0.4831971197457906,0.6364250170808491,0.93408203125,1.0,False,0.2,random|0.3|node_coordinated|0.2|0|post_failure
contradiction_f1,B7,B6,15,0.5554254017369136,0.5560980740055423,-0.0006726722686288822,-0.0033356092935297233,0.0018521335493822194,-0.12466025338074074,-0.4828070852776057,0.6366950798023233,0.846923828125,1.0,False,0.2,random|0.3|node_coordinated|0.2|0|post_failure
ece_recalibrated,B7,B6,15,0.009984477563888755,0.00861038083846693,0.001374096725421825,-0.0005041323550743484,0.0034118041952437657,0.3445390363631902,1.334393949952987,0.20337355039176516,0.33026123046875,1.0,False,0.2,random|0.3|node_coordinated|0.2|0|post_failure
accuracy_macro,B3Q,B3,15,0.5574853215745762,0.499793919717396,0.05769140185718017,0.05404205772727943,0.06097880145592897,8.032057310202042,31.108024198196055,2.5285452595069276e-14,6.103515625e-05,2.5285452595069277e-13,True,0.2,random|0.3|node_coordinated|0.2|0|post_failure
acc_revision_sensitive,B3Q,B3,15,0.27493722226029854,0.0682768299103315,0.206660392349967,0.2005982467540468,0.2128300893446751,16.37370712448066,63.41509500879133,1.2688833584921115e-18,6.103515625e-05,2.0302133735873784e-17,True,0.2,random|0.3|node_coordinated|0.2|0|post_failure
knowledge_survival,B3Q,B3,15,0.75107,0.75243,-0.0013599999999999981,-0.003133416666666647,0.000543333333333333,-0.36429307838408564,-1.4109010257201968,0.18010749673151966,0.1688232421875,0.7204299869260786,False,0.2,random|0.3|node_coordinated|0.2|0|post_failure
contradiction_f1,B3Q,B3,15,0.538519945349662,0.5399097222648485,-0.0013897769151866763,-0.004757696884805359,0.0017532886493261866,-0.20713587472219605,-0.802233793201171,0.43582465988623803,0.638671875,1.0,False,0.2,random|0.3|node_coordinated|0.2|0|post_failure
ece_recalibrated,B3Q,B3,15,0.007189093102262952,0.008985869115500193,-0.001796776013237241,-0.003833821617514026,0.00041210817770939283,-0.4098047136176985,-1.587166831038646,0.13479687883629737,0.072998046875,1.0,False,0.2,random|0.3|node_coordinated|0.2|0|post_failure
accuracy_macro,B7,B6,15,0.5493452618871486,0.4768134725986705,0.07253178928847805,0.07078715014395577,0.07441386107734811,19.63709120344961,76.0541271989165,1.0032626572952185e-19,6.103515625e-05,3.1101142376151774e-18,True,0.2,random|0.3|root|0.2|0|post_failure
acc_revision_sensitive,B7,B6,15,0.293488743688105,0.11695586244359808,0.17653288124450695,0.17233096891744867,0.1807132891227532,20.721299769782256,80.25324892013825,4.7354180722906174e-20,6.103515625e-05,9.944377951810297e-19,True,0.2,random|0.3|root|0.2|0|post_failure
knowledge_survival,B7,B6,15,0.7383200000000001,0.7175233333333332,0.020796666666666654,0.01947333333333331,0.02212008333333334,7.6933409387774985,29.79618133258099,4.583323153041746e-14,6.103515625e-05,1.2833304828516889e-12,True,0.2,random|0.3|root|0.2|0|post_failure
contradiction_f1,B7,B6,15,0.820602141233316,0.827805613955604,-0.00720347272228814,-0.009615151929749766,-0.004830068473557661,-1.4650718292960008,-5.674198795861047,5.7409843521071763e-05,0.00018310546875,0.0017797051491532246,True,0.2,random|0.3|root|0.2|0|post_failure
ece_recalibrated,B7,B6,15,0.010534089470763256,0.008759153826351656,0.0017749356444115994,-0.0013163741207402998,0.004951411662297383,0.27629056974529836,1.0700687753376996,0.30269082334474984,0.33026123046875,1.0,False,0.2,random|0.3|root|0.2|0|post_failure
accuracy_macro,B3Q,B3,15,0.5565678582248311,0.45823520280013746,0.09833265542469363,0.09621867443018316,0.10053756302070331,22.35216973113176,86.56958112027482,1.6428198322310516e-20,6.103515625e-05,5.585587429585575e-19,True,0.2,random|0.3|root|0.2|0|post_failure
acc_revision_sensitive,B3Q,B3,15,0.30481862590629316,0.06620035831345335,0.23861826759283983,0.23335593034701424,0.24360493387731638,22.672046707321094,87.8084593218913,1.3469276443223254e-20,6.103515625e-05,3.502011875238046e-19,True,0.2,random|0.3|root|0.2|0|post_failure
knowledge_survival,B3Q,B3,15,0.7316666666666667,0.7030133333333332,0.028653333333333347,0.0275366666666667,0.029840000000000016,12.020983654391694,46.55706949849061,9.416192007940299e-17,6.103515625e-05,3.0131814425408957e-15,True,0.2,random|0.3|root|0.2|0|post_failure
contradiction_f1,B3Q,B3,15,0.6227035370384706,0.6276397297032829,-0.004936192664812193,-0.009268939381930474,-0.0006162881724719823,-0.5598301677909728,-2.1682129165589417,0.04786350057993633,0.05535888671875,0.9094065110187903,False,0.2,random|0.3|root|0.2|0|post_failure
ece_recalibrated,B3Q,B3,15,0.010376514285797873,0.007207802923618095,0.0031687113621797786,0.0011803845160393604,0.005387791697932911,0.7432842198953776,2.878727405153569,0.012141683336766261,0.01025390625,0.5239523682579664,False,0.2,random|0.3|root|0.2|0|post_failure
accuracy_macro,B7,B6,15,0.6602544076351845,0.5749627139683606,0.08529169366682383,0.08325984858240139,0.08733063982337885,20.299277124664098,78.61876224387323,6.312603601557065e-20,6.103515625e-05,2.020033152498261e-18,True,0.2,random|0.5|none|0.0|0|post_failure
acc_revision_sensitive,B7,B6,15,0.3497720269903344,0.14338449760142544,0.20638752938890897,0.20155605316736439,0.2111031053196298,21.161951431808156,81.9598854686432,3.529157415853939e-20,6.103515625e-05,8.469977798049453e-19,True,0.2,random|0.5|none|0.0|0|post_failure
knowledge_survival,B7,B6,15,0.84698,0.8217233333333335,0.02525666666666666,0.02434324999999998,0.02620016666666668,13.156459942960648,50.954750254131575,2.6798549216051635e-17,6.103515625e-05,9.111506733457556e-16,True,0.2,random|0.5|none|0.0|0|post_failure
contradiction_f1,B7,B6,15,0.6186063433105926,0.6409446071009085,-0.022338263790315848,-0.029781629984399847,-0.014595046743879401,-1.4368309826743497,-5.564822467212593,6.968745410234963e-05,0.00042724609375,0.002090623623070489,True,0.2,random|0.5|none|0.0|0|post_failure
ece_recalibrated,B7,B6,15,0.004579858574787258,0.005891959259159474,-0.0013121006843722146,-0.003060695787538872,0.0005143319274418176,-0.3580702048330897,-1.386799940091635,0.18718873116361331,0.22930908203125,1.0,False,0.2,random|0.5|none|0.0|0|post_failure
accuracy_macro,B3Q,B3,15,0.6775609563849682,0.5633322237971242,0.11422873258784387,0.1110272334582475,0.11726433284491233,17.705094345865913,68.57153554456978,4.261240440048449e-19,6.103515625e-05,1.2357597276140502e-17,True,0.2,random|0.5|none|0.0|0|post_failure
acc_revision_sensitive,B3Q,B3,15,0.36339780453134235,0.08435067674561655,0.2790471277857259,0.2730779094948049,0.2845695386519015,23.580034180223922,91.32507968300892,7.780054171495324e-21,6.103515625e-05,2.256215709733644e-19,True,0.2,random|0.5|none|0.0|0|post_failure
knowledge_survival,B3Q,B3,15,0.8552533333333333,0.8216833333333334,0.03356999999999999,0.03195333333333333,0.03530666666666666,9.822558140249473,38.042604094340305,1.558840071773666e-15,0.0006533107814151376,4.832404222498365e-14,True,0.2,random|0.5|none|0.0|0|post_failure
contradiction_f1,B3Q,B3,15,0.4429781243240616,0.4564412682571348,-0.013463143933073336,-0.02470899112697315,-0.0022853694966309917,-0.5802459595860003,-2.2472829381807213,0.041264737720290066,0.063720703125,0.8252947544058014,False,0.2,random|0.5|none|0.0|0|post_failure
ece_recalibrated,B3Q,B3,15,0.005363639233559273,0.006589960543768287,-0.0012263213102090152,-0.003441865771394389,0.0009348307125827533,-0.27308268065048247,-1.057644674296997,0.30812632731312073,0.45428466796875,1.0,False,0.2,random|0.5|none|0.0|0|post_failure
accuracy_macro,B7,B6,15,0.5159202288559295,0.4518455578193294,0.06407467103660004,0.061949493166857994,0.06607233238280678,14.94455495832451,57.8800124700723,4.5366707690044164e-18,6.103515625e-05,1.0888009845610599e-16,True,0.2,targeted_whitebox|0.5|none|0.0|0|post_failure
acc_revision_sensitive,B7,B6,15,0.28001822754202205,0.12028832174719756,0.1597299057948245,0.15677223787201586,0.16245047783860198,27.682239707064156,107.21285337118117,8.262252392526884e-22,6.103515625e-05,2.561298241683334e-20,True,0.2,targeted_whitebox|0.5|none|0.0|0|post_failure
knowledge_survival,B7,B6,15,0.69854,0.6788500000000002,0.019690000000000006,0.01797000000000001,0.021200083333333335,5.877406198209565,22.763096324561893,1.8483947589639078e-12,6.103515625e-05,4.066468469720597e-11,True,0.2,targeted_whitebox|0.5|none|0.0|0|post_failure
contradiction_f1,B7,B6,15,0.49064748904593336,0.5086805480652908,-0.01803305901935765,-0.028464575766154656,-0.008783970843698282,-0.9009464486525078,-3.4893505914558784,0.0036108287157171474,0.00115966796875,0.09388154660864584,False,0.2,targeted_whitebox|0.5|none|0.0|0|post_failure
ece_recalibrated,B7,B6,15,0.004049851984211833,0.007492714632823407,-0.0034428626486115747,-0.005614727948679314,-0.0013681211973998542,-0.7878692976844011,-3.051404668919819,0.008625721347849115,0.00836181640625,0.4054089033489084,False,0.2,targeted_whitebox|0.5|none|0.0|0|post_failure
accuracy_macro,B3Q,B3,15,0.5277685421216388,0.44212502272297094,0.08564351939866795,0.08319303284295176,0.0884019599959854,16.033611987735508,62.09791220805124,1.7006576475357995e-18,6.103515625e-05,4.251644118839499e-17,True,0.2,targeted_whitebox|0.5|none|0.0|0|post_failure
acc_revision_sensitive,B3Q,B3,15,0.2861147552167118,0.07071845735226732,0.21539629786444447,0.21160426769640095,0.21893866518022392,28.58848142208468,110.72271244109409,5.265707416712336e-22,6.103515625e-05,1.6850263733479475e-20,True,0.2,targeted_whitebox|0.5|none|0.0|0|post_failure
knowledge_survival,B3Q,B3,15,0.7053033333333333,0.6791533333333334,0.026149999999999993,0.024723333333333312,0.02780341666666668,8.35681413071323,32.36580195560315,1.462093310647518e-14,6.103515625e-05,4.2400706008778023e-13,True,0.2,targeted_whitebox|0.5|none|0.0|0|post_failure
contradiction_f1,B3Q,B3,15,0.34055416514734155,0.35117138268655534,-0.010617217539213852,-0.0164431513620401,-0.004172009108273137,-0.8453241774063066,-3.2739264612411096,0.005542486485021579,0.0067138671875,0.13856216212553946,False,0.2,targeted_whitebox|0.5|none|0.0|0|post_failure
ece_recalibrated,B3Q,B3,15,0.006918527761384037,0.006288795828873497,0.0006297319325105393,-0.0011768585730506562,0.0025600433006204688,0.1641269898681007,0.6356610984223074,0.5352505831403463,0.7197265625,1.0,False,0.2,targeted_whitebox|0.5|none|0.0|0|post_failure
accuracy_macro,B7,B6,15,0.7128175257940134,0.5760815228311722,0.13673600296284114,0.1350541384670556,0.1385719467904763,37.357401821036994,144.6845951104549,1.2479754845483767e-23,6.103515625e-05,5.4910921320128575e-22,True,0.4,correlated_org|0.5|none|0.0|0|post_failure
acc_revision_sensitive,B7,B6,15,0.4796667406750161,0.14178102828895156,0.3378857123860646,0.3340225823782488,0.34163555895922554,42.413097494772146,164.265220258324,2.1130343169110985e-24,6.103515625e-05,9.086047562717724e-23,True,0.4,correlated_org|0.5|none|0.0|0|post_failure
knowledge_survival,B7,B6,15,0.8652099999999999,0.8230966666666666,0.042113333333333336,0.041063250000000016,0.04304666666666667,20.73295816967552,80.2984017087683,4.69835023115053e-20,0.0006533107814151376,2.020290599394728e-18,True,0.4,correlated_org|0.5|none|0.0|0|post_failure
contradiction_f1,B7,B6,15,0.5723367767918532,0.640266232098795,-0.06792945530694167,-0.07531404472037218,-0.06018695520374284,-4.403068992538456,-17.05301288030371,9.221005571685892e-11,6.103515625e-05,3.872822340108074e-09,True,0.4,correlated_org|0.5|none|0.0|0|post_failure
ece_recalibrated,B7,B6,15,0.003600306379210783,0.006324736817247978,-0.0027244304380371945,-0.004316685638366642,-0.0010293557556474975,-0.8037314911796344,-3.112838680161177,0.007635162274460497,0.012451171875,0.36648778917410385,False,0.4,correlated_org|0.5|none|0.0|0|post_failure
accuracy_macro,B3Q,B3,15,0.7467433011803355,0.5626755413368676,0.18406775984346785,0.18123895004452223,0.18690144510824322,31.84946246207251,123.3524377012651,1.1623425951414815e-22,6.103515625e-05,4.6493703805659265e-21,True,0.4,correlated_org|0.5|none|0.0|0|post_failure
acc_revision_sensitive,B3Q,B3,15,0.5378755084144835,0.08272918309550491,0.45514632531897836,0.4492345331411156,0.4605988732862277,38.74911370228074,150.07467204923088,7.480814564890908e-24,6.103515625e-05,3.067133971605272e-22,True,0.4,correlated_org|0.5|none|0.0|0|post_failure
knowledge_survival,B3Q,B3,15,0.87846,0.8210266666666667,0.057433333333333336,0.05625324999999998,0.05871666666666667,22.673015408313447,87.81221108470214,1.3461235743743079e-20,6.103515625e-05,6.057556084684385e-19,True,0.4,correlated_org|0.5|none|0.0|0|post_failure
contradiction_f1,B3Q,B3,15,0.37963472958619976,0.45794556065792147,-0.07831083107172164,-0.08536932494371799,-0.07184132660924894,-5.676462189458985,-21.98484352515074,2.971035154828514e-12,6.103515625e-05,1.277545116576261e-10,True,0.4,correlated_org|0.5|none|0.0|0|post_failure
ece_recalibrated,B3Q,B3,15,0.0035828881287234262,0.0041716125142204205,-0.0005887243854969954,-0.0022597631256465293,0.0008753262031369977,-0.18307487541097692,-0.7090459435757114,0.48993603635330507,0.846923828125,1.0,False,0.4,correlated_org|0.5|none|0.0|0|post_failure
accuracy_macro,B7,B6,15,0.5748760598396844,0.5097732621679713,0.0651027976717131,0.06138933131788438,0.06888151596020398,8.408246647801715,32.56499923774038,1.3431601613185617e-14,6.103515625e-05,1.6117921935822741e-13,True,0.4,random|0.3|node_coordinated|0.2|0|post_failure
acc_revision_sensitive,B7,B6,15,0.36224783691841644,0.11867121716260162,0.24357661975581477,0.23904805969470613,0.2478869533793335,26.760276918122894,103.64210684378871,1.3267960106596982e-21,6.103515625e-05,3.9803880319790946e-20,True,0.4,random|0.3|node_coordinated|0.2|0|post_failure
knowledge_survival,B7,B6,15,0.7453800000000002,0.7523466666666665,-0.006966666666666669,-0.009236666666666664,-0.0046433333333333405,-1.4686828641624523,-5.6881842737613875,5.601129603884386e-05,0.001203558952489263,0.00039207907227190703,True,0.4,random|0.3|node_coordinated|0.2|0|post_failure
contradiction_f1,B7,B6,15,0.565431694997226,0.5560980740055423,0.009333620991683438,0.006199008614311538,0.012748775324707811,1.4050020272147532,5.4415494527904,8.68697028862302e-05,0.0001220703125,0.0025192213837006757,True,0.4,random|0.3|node_coordinated|0.2|0|post_failure
ece_recalibrated,B7,B6,15,0.009496627839497652,0.00861038083846693,0.0008862470010307246,-0.0007830891750245563,0.0025518546317744688,0.2628543574984725,1.0180305490696346,0.3259346347849327,0.30279541015625,1.0,False,0.4,random|0.3|node_coordinated|0.2|0|post_failure
accuracy_macro,B3Q,B3,15,0.5829968153165137,0.499793919717396,0.08320289559911762,0.07931775556522626,0.08729365571101481,10.058824250668408,38.95765880526605,1.12086433287878e-15,6.103515625e-05,1.9054693658939262e-14,True,0.4,random|0.3|node_coordinated|0.2|0|post_failure
acc_revision_sensitive,B3Q,B3,15,0.39741475765894785,0.0682768299103315,0.32913792774861633,0.3242321391292451,0.33406044569048415,32.06590830662403,124.19072885256894,1.0572781365506519e-22,6.103515625e-05,3.806201291582347e-21,True,0.4,random|0.3|node_coordinated|0.2|0|post_failure
knowledge_survival,B3Q,B3,15,0.7382533333333332,0.75243,-0.014176666666666667,-0.016476749999999984,-0.011813333333333342,-2.947200318737552,-11.41445775240773,1.7728032980913233e-08,6.103515625e-05,1.9500836279004556e-07,True,0.4,random|0.3|node_coordinated|0.2|0|post_failure
contradiction_f1,B3Q,B3,15,0.5435574797285694,0.5399097222648485,0.0036477574637208132,0.00044360491738431544,0.006885760212676642,0.5448750957393941,2.110292171561845,0.05330765083644211,0.063720703125,0.959537715055958,False,0.4,random|0.3|node_coordinated|0.2|0|post_failure
ece_recalibrated,B3Q,B3,15,0.008645728450644678,0.008985869115500193,-0.00034014066485551505,-0.0023392858934108457,0.001721512033482782,-0.08134644052208126,-0.31505340941527293,0.7573679553419347,0.76153564453125,1.0,False,0.4,random|0.3|node_coordinated|0.2|0|post_failure
accuracy_macro,B7,B6,15,0.5978388739154652,0.4768134725986705,0.12102540131679458,0.11866226411360903,0.1235129142925614,24.551235667994707,95.08652687095703,4.425354789490445e-21,6.103515625e-05,1.5488741763216556e-19,True,0.4,random|0.3|root|0.2|0|post_failure
acc_revision_sensitive,B7,B6,15,0.4111753549200539,0.11695586244359808,0.2942194924764558,0.288184366915297,0.3005312023673822,23.305224469467312,90.26074624987248,9.165270360274523e-21,6.103515625e-05,2.5662757008768666e-19,True,0.4,random|0.3|root|0.2|0|post_failure
knowledge_survival,B7,B6,15,0.7544500000000002,0.7175233333333332,0.03692666666666666,0.03589333333333334,0.037983416666666665,17.431023891881022,67.51006524059879,5.298131831725131e-19,6.103515625e-05,2.0132900960555497e-17,True,0.4,random|0.3|root|0.2|0|post_failure
contradiction_f1,B7,B6,15,0.8095518659577638,0.827805613955604,-0.01825374799784046,-0.02051107635450148,-0.015749287693179913,-3.7284296829415924,-14.440146069538187,8.409588189944214e-10,6.103515625e-05,3.363835275977686e-08,True,0.4,random|0.3|root|0.2|0|post_failure
ece_recalibrated,B7,B6,15,0.011013257137134053,0.008759153826351656,0.002254103310782395,-0.000357638982452509,0.004820082387422706,0.4207658415386563,1.6296190969321651,0.12546741868054995,0.12054443359375,1.0,False,0.4,random|0.3|root|0.2|0|post_failure
accuracy_macro,B3Q,B3,15,0.6167195545184045,0.45823520280013746,0.15848435171826705,0.15605439982029287,0.16095848235716892,32.15347337999771,124.52986692345466,1.017706239002493e-22,6.103515625e-05,4.172595579910221e-21,True,0.4,random|0.3|root|0.2|0|post_failure
acc_revision_sensitive,B3Q,B3,15,0.4578951218752323,0.06620035831345335,0.391694763561779,0.3857788734999046,0.3972623015477887,33.59288013510512,130.1046653144041,5.515275129066403e-23,6.103515625e-05,2.0406517977545692e-21,True,0.4,random|0.3|root|0.2|0|post_failure
knowledge_survival,B3Q,B3,15,0.7517500000000001,0.7030133333333332,0.048736666666666664,0.047556666666666664,0.04998008333333334,19.515047301204582,75.58145319801535,1.0945459311007104e-19,6.103515625e-05,4.378183724402841e-18,True,0.4,random|0.3|root|0.2|0|post_failure
contradiction_f1,B3Q,B3,15,0.6156690813631496,0.6276397297032829,-0.011970648340133267,-0.015147173449180398,-0.008948989281623796,-1.8982123141148934,-7.351744680132825,3.610177817974267e-06,6.103515625e-05,0.00011913586799315082,True,0.4,random|0.3|root|0.2|0|post_failure
ece_recalibrated,B3Q,B3,15,0.009574733578890052,0.007207802923618095,0.0023669306552719566,-6.666309698008913e-05,0.0052115052104685635,0.43300407960215503,1.677017589139017,0.1157155582844159,0.12054443359375,1.0,False,0.4,random|0.3|root|0.2|0|post_failure
accuracy_macro,B7,B6,15,0.7145470687098452,0.5749627139683606,0.13958435474148462,0.13732182495590226,0.14170422783879738,30.47677564733156,118.03604452821489,2.152564075200344e-22,6.103515625e-05,8.394999893281343e-21,True,0.4,random|0.5|none|0.0|0|post_failure
acc_revision_sensitive,B7,B6,15,0.4780951350694922,0.14338449760142544,0.33471063746806684,0.32919202312153,0.34021363525390735,29.774062630369116,115.31444871635618,2.9829936951869426e-22,6.103515625e-05,1.0142178563635605e-20,True,0.4,random|0.5|none|0.0|0|post_failure
knowledge_survival,B7,B6,15,0.86455,0.8217233333333335,0.04282666666666667,0.04168,0.04384000000000001,19.388234668378438,75.09030998299097,1.1988954575034698e-19,6.103515625e-05,4.6756922842635325e-18,True,0.4,random|0.5|none|0.0|0|post_failure
contradiction_f1,B7,B6,15,0.5743145212875412,0.6409446071009085,-0.06663008581336721,-0.075422202737878,-0.05807434463851504,-3.7609693881799457,-14.566171806016827,7.499519763881903e-10,6.103515625e-05,3.07480310319158e-08,True,0.4,random|0.5|none|0.0|0|post_failure
ece_recalibrated,B7,B6,15,0.003971265862733187,0.005891959259159474,-0.0019206933964262876,-0.004183653644106376,7.308040987290203e-05,-0.43824299628373253,-1.6973078261989352,0.11174707058357763,0.1353759765625,1.0,False,0.4,random|0.5|none|0.0|0|post_failure
accuracy_macro,B3Q,B3,15,0.7496923820366469,0.5633322237971242,0.18636015823952248,0.18357930971910008,0.18883954610673503,34.23663378214697,132.59791246845745,4.2290369961454035e-23,6.103515625e-05,1.7761955383810694e-21,True,0.4,random|0.5|none|0.0|0|post_failure
acc_revision_sensitive,B3Q,B3,15,0.5365369069879108,0.08435067674561655,0.45218623024229426,0.44775974884014963,0.45626365001685254,51.865688009118884,200.87494589890716,1.2649521320235904e-25,6.103515625e-05,6.3247606601179515e-24,True,0.4,random|0.5|none|0.0|0|post_failure
knowledge_survival,B3Q,B3,15,0.8789066666666666,0.8216833333333334,0.05722333333333334,0.05596999999999999,0.0585234166666667,21.57240078508445,83.54954897834388,2.698334094240604e-20,6.103515625e-05,1.1872670014658657e-18,True,0.4,random|0.5|none|0.0|0|post_failure
contradiction_f1,B3Q,B3,15,0.3855939703949937,0.4564412682571348,-0.07084729786214128,-0.08075056461967967,-0.06162404064780405,-3.57768257487594,-13.856305030510986,1.44649759003654e-09,6.103515625e-05,5.641340601142506e-08,True,0.4,random|0.5|none|0.0|0|post_failure
ece_recalibrated,B3Q,B3,15,0.004002929353521779,0.006589960543768287,-0.002587031190246509,-0.004794861205488171,-0.00046387806606591053,-0.5765684434022257,-2.2330399792455533,0.04238667927842402,0.04791259765625,1.0,False,0.4,random|0.5|none|0.0|0|post_failure
accuracy_macro,B7,B6,15,0.5572136846708745,0.4518455578193294,0.10536812685154512,0.10357146529240802,0.1075062150054962,25.860915123420334,100.15889359069047,2.1399107194266956e-21,6.103515625e-05,7.703678589936104e-20,True,0.4,targeted_whitebox|0.5|none|0.0|0|post_failure
acc_revision_sensitive,B7,B6,15,0.38367807368624657,0.12028832174719756,0.2633897519390489,0.25789299832143425,0.26934012874042595,22.140984037210096,85.75166244475896,1.875887658756692e-20,6.103515625e-05,4.68971914689173e-19,True,0.4,targeted_whitebox|0.5|none|0.0|0|post_failure
knowledge_survival,B7,B6,15,0.7121966666666667,0.6788500000000002,0.03334666666666668,0.032116666666666675,0.03452008333333336,13.594528237157057,52.65138146205576,1.6979676594010957e-17,6.103515625e-05,5.942886807903835e-16,True,0.4,targeted_whitebox|0.5|none|0.0|0|post_failure
contradiction_f1,B7,B6,15,0.4616579773512311,0.5086805480652908,-0.047022570714059866,-0.056881803467107486,-0.03819708988897779,-2.4444861713158064,-9.467454231540447,1.8319272621113723e-07,6.103515625e-05,6.228552691178666e-06,True,0.4,targeted_whitebox|0.5|none|0.0|0|post_failure
ece_recalibrated,B7,B6,15,0.005881843122710256,0.007492714632823407,-0.0016108715101131519,-0.0034957916333757505,0.00011007612792620311,-0.42748767941313737,-1.6556526630759365,0.12002650509010628,0.1353759765625,1.0,False,0.4,targeted_whitebox|0.5|none|0.0|0|post_failure
accuracy_macro,B3Q,B3,15,0.5834073776078655,0.44212502272297094,0.14128235488489443,0.13893083789783167,0.14367429257057418,29.103134663070747,112.71595587250481,4.1028830927692667e-22,6.103515625e-05,1.5590955752523214e-20,True,0.4,targeted_whitebox|0.5|none|0.0|0|post_failure
acc_revision_sensitive,B3Q,B3,15,0.42759837038815246,0.07071845735226732,0.35687991303588507,0.35266890738151,0.3610961646120876,41.03152953743917,158.9144305679196,3.3585926045947754e-24,6.103515625e-05,1.4106088939298056e-22,True,0.4,targeted_whitebox|0.5|none|0.0|0|post_failure
knowledge_survival,B3Q,B3,15,0.7234633333333333,0.6791533333333334,0.04431000000000001,0.04301666666666669,0.04570333333333334,16.410628736403503,63.55809179688364,1.2296211071973138e-18,6.103515625e-05,4.549598096630061e-17,True,0.4,targeted_whitebox|0.5|none|0.0|0|post_failure
contradiction_f1,B3Q,B3,15,0.29690792075581185,0.35117138268655534,-0.054263461930743564,-0.06285775082982642,-0.04395169258628098,-2.78683862820701,-10.793379595613274,3.5995766922319855e-08,6.103515625e-05,1.3318433761258347e-06,True,0.4,targeted_whitebox|0.5|none|0.0|0|post_failure
ece_recalibrated,B3Q,B3,15,0.003580059487263324,0.006288795828873497,-0.002708736341610175,-0.004979537033440978,-0.0006011623492234126,-0.6074799116783786,-2.352759581085913,0.03378523643751038,0.02557373046875,1.0,False,0.4,targeted_whitebox|0.5|none|0.0|0|post_failure
accuracy_macro,B7,B6,15,0.7648125318617505,0.5760815228311722,0.1887310090305782,0.18614471071703056,0.1914347769207603,34.93718254858286,135.3111261740698,3.185488252100814e-23,6.103515625e-05,1.36975994840335e-21,True,0.6,correlated_org|0.5|none|0.0|0|post_failure
acc_revision_sensitive,B7,B6,15,0.5930835323689545,0.14178102828895156,0.4513025040800029,0.44571171652731845,0.4571902780911616,38.35332465747049,148.54178767006945,8.636439870620526e-24,6.103515625e-05,3.4545759482482102e-22,True,0.6,correlated_org|0.5|none|0.0|0|post_failure
knowledge_survival,B7,B6,15,0.8838566666666666,0.8230966666666666,0.06076,0.05921333333333334,0.06218999999999998,19.868292297192895,76.94956518460918,8.519351003829037e-20,6.103515625e-05,3.492933911569905e-18,True,0.6,correlated_org|0.5|none|0.0|0|post_failure
contradiction_f1,B7,B6,15,0.49159007423588197,0.640266232098795,-0.148676157862913,-0.15509764678893587,-0.14206595031336272,-11.071567505445943,-42.87999656500334,2.9569107042267866e-16,6.103515625e-05,1.4193171380288576e-14,True,0.6,correlated_org|0.5|none|0.0|0|post_failure
ece_recalibrated,B7,B6,15,0.0031353119605915165,0.006324736817247978,-0.0031894248566564603,-0.004786954217561861,-0.0018351341490685938,-1.0499151624558527,-4.0663039391221725,0.0011557928950045075,6.103515625e-05,0.056633851855220865,False,0.6,correlated_org|0.5|none|0.0|0|post_failure
accuracy_macro,B3Q,B3,15,0.806607616573946,0.5626755413368676,0.24393207523707852,0.24155090178526054,0.24635133592513864,49.10241069517996,190.17281888106893,2.721712879915082e-25,6.103515625e-05,1.3880735687566918e-23,True,0.6,correlated_org|0.5|none|0.0|0|post_failure
acc_revision_sensitive,B3Q,B3,15,0.6777817690553853,0.08272918309550491,0.5950525859598804,0.5893869032894524,0.6008886365491757,50.33255146329826,194.93713358948196,1.925084125919347e-25,6.103515625e-05,9.240403804412866e-24,True,0.6,correlated_org|0.5|none|0.0|0|post_failure
knowledge_survival,B3Q,B3,15,0.8986833333333334,0.8210266666666667,0.07765666666666667,0.07676333333333335,0.0786234166666667,40.24791033849752,155.8794864606502,4.398822265359013e-24,6.103515625e-05,2.331375800640277e-22,True,0.6,correlated_org|0.5|none|0.0|0|post_failure
contradiction_f1,B3Q,B3,15,0.2963136342239727,0.45794556065792147,-0.16163192643394872,-0.16849143033993544,-0.1549574201292815,-11.575954905332607,-44.833480564801235,1.5915005740054665e-16,6.103515625e-05,7.798352812626786e-15,True,0.6,correlated_org|0.5|none|0.0|0|post_failure
ece_recalibrated,B3Q,B3,15,0.00405298905171066,0.0041716125142204205,-0.00011862346250976174,-0.0020572645211451674,0.0017014543788639756,-0.03070066235265413,-0.11890315400936646,0.9070413656430156,0.803955078125,1.0,False,0.6,correlated_org|0.5|none|0.0|0|post_failure
accuracy_macro,B7,B6,15,0.5927006349608323,0.5097732621679713,0.08292737279286098,0.07930263639209514,0.08680162773686508,10.671201285438263,41.32938486252957,4.933253654901218e-16,6.103515625e-05,9.373181944312313e-15,True,0.6,random|0.3|node_coordinated|0.2|0|post_failure
acc_revision_sensitive,B7,B6,15,0.4443992929343413,0.11867121716260162,0.3257280757717397,0.32158546771264207,0.33010622172356135,37.10735251391524,143.71615830824166,1.3709259884058665e-23,6.103515625e-05,5.346611354782879e-22,True,0.6,random|0.3|node_coordinated|0.2|0|post_failure
knowledge_survival,B7,B6,15,0.7355266666666667,0.7523466666666665,-0.016820000000000026,-0.019440083333333368,-0.014303333333333342,-3.1788474631021235,-12.31162328472822,6.725858680971132e-09,6.103515625e-05,8.071030417165359e-08,True,0.6,random|0.3|node_coordinated|0.2|0|post_failure
contradiction_f1,B7,B6,15,0.5745497589491019,0.5560980740055423,0.01845168494355939,0.015583866168873183,0.0218007830536791,2.928796742813722,11.343181009344072,1.9198170982637237e-08,6.103515625e-05,7.29530497340215e-07,True,0.6,random|0.3|node_coordinated|0.2|0|post_failure
ece_recalibrated,B7,B6,15,0.008805047470047848,0.00861038083846693,0.0001946666315809169,-0.002255229433871,0.002557421221188954,0.03915628860681847,0.15165165367349914,0.8816253417538178,0.76153564453125,1.0,False,0.6,random|0.3|node_coordinated|0.2|0|post_failure
accuracy_macro,B3Q,B3,15,0.6029465074406587,0.499793919717396,0.10315258772326258,0.10021814168157833,0.10629640682048933,16.581029499370434,64.21805111403559,1.0645468877058127e-18,6.103515625e-05,2.874276596805694e-17,True,0.6,random|0.3|node_coordinated|0.2|0|post_failure
acc_revision_sensitive,B3Q,B3,15,0.49691399296993527,0.0682768299103315,0.4286371630596038,0.42274995172223356,0.4342531052812445,36.57330289221902,141.64779301736382,1.6791838155317873e-23,6.103515625e-05,6.380898499020792e-22,True,0.6,random|0.3|node_coordinated|0.2|0|post_failure
knowledge_survival,B3Q,B3,15,0.7241233333333333,0.75243,-0.028306666666666664,-0.03048999999999998,-0.02611666666666667,-6.2607451698682155,-24.247761777748124,7.790160960823666e-13,6.103515625e-05,1.7917370209894433e-11,True,0.6,random|0.3|node_coordinated|0.2|0|post_failure
contradiction_f1,B3Q,B3,15,0.554278931223479,0.5399097222648485,0.014369208958630371,0.011749224588431468,0.016940068753762177,2.6940326038447044,10.433943408830343,5.505672249694461e-08,6.103515625e-05,1.982042009890006e-06,True,0.6,random|0.3|node_coordinated|0.2|0|post_failure
ece_recalibrated,B3Q,B3,15,0.010807190831650314,0.008985869115500193,0.001821321716150122,-0.0004530540567985691,0.004001876272612939,0.39551514248006453,1.5318235599981436,0.14784686145650744,0.207763671875,1.0,False,0.6,random|0.3|node_coordinated|0.2|0|post_failure
accuracy_macro,B7,B6,15,0.6409827531902957,0.4768134725986705,0.16416928059162517,0.16146976503388244,0.1670008015282987,28.954568959979962,112.1405633786166,4.407315828109233e-22,6.103515625e-05,1.6307068564004163e-20,True,0.6,random|0.3|root|0.2|0|post_failure
acc_revision_sensitive,B7,B6,15,0.5099240701487123,0.11695586244359808,0.39296820770511415,0.38698123393359046,0.39940598434480956,30.915579444359878,119.73552432635815,1.7624609768280155e-22,6.103515625e-05,6.168613418898054e-21,True,0.6,random|0.3|root|0.2|0|post_failure
knowledge_survival,B7,B6,15,0.7707933333333333,0.7175233333333332,0.05326999999999999,0.051483333333333325,0.055109999999999985,14.324092627156949,55.476972194511305,8.194260534981731e-18,6.103515625e-05,2.949933792593423e-16,True,0.6,random|0.3|root|0.2|0|post_failure
contradiction_f1,B7,B6,15,0.7937590686199087,0.827805613955604,-0.03404654533569554,-0.03540917762482794,-0.03278001581975534,-12.76858124574597,-49.45250251947049,4.0655403928809825e-17,6.103515625e-05,2.0327701964404912e-15,True,0.6,random|0.3|root|0.2|0|post_failure
ece_recalibrated,B7,B6,15,0.009439883432440644,0.008759153826351656,0.0006807296060889855,-0.002065020589481821,0.003326090986255348,0.12412812307619775,0.4807461534700985,0.6381229732333141,0.846923828125,1.0,False,0.6,random|0.3|root|0.2|0|post_failure
accuracy_macro,B3Q,B3,15,0.6675271539555426,0.45823520280013746,0.2092919511554051,0.20705883459516147,0.21159934288581908,45.426295950634405,175.93528769669646,8.087111557458244e-25,6.103515625e-05,4.043555778729122e-23,True,0.6,random|0.3|root|0.2|0|post_failure
acc_revision_sensitive,B3Q,B3,15,0.5837538170978523,0.06620035831345335,0.5175534587843988,0.5125690091019639,0.5223634225261309,51.604209814825715,199.8622452070133,1.3576699372900652e-25,6.103515625e-05,6.65258269272132e-24,True,0.6,random|0.3|root|0.2|0|post_failure
knowledge_survival,B3Q,B3,15,0.7703233333333335,0.7030133333333332,0.06731000000000001,0.06572,0.06891000000000001,20.504780155863443,79.41467206130345,5.483948332308632e-20,6.103515625e-05,2.3032582995696256e-18,True,0.6,random|0.3|root|0.2|0|post_failure
contradiction_f1,B3Q,B3,15,0.6097243145612574,0.6276397297032829,-0.017915415142025503,-0.02136475888461994,-0.014225034683176995,-2.4732911845257615,-9.579015567989888,1.5871579899915216e-07,6.103515625e-05,5.555052964970326e-06,True,0.6,random|0.3|root|0.2|0|post_failure
ece_recalibrated,B3Q,B3,15,0.00829225165829104,0.007207802923618095,0.0010844487346729449,-0.0008106065339285265,0.002896279527046452,0.28968563868526337,1.1219476542634843,0.280759372182963,0.207763671875,1.0,False,0.6,random|0.3|root|0.2|0|post_failure
accuracy_macro,B7,B6,15,0.7637745881076943,0.5749627139683606,0.18881187413933373,0.18657139155469088,0.1909586082745527,41.96660100061395,162.53594677230933,2.4503135613671595e-24,6.103515625e-05,1.1761505094562367e-22,True,0.6,random|0.5|none|0.0|0|post_failure
acc_revision_sensitive,B7,B6,15,0.5896377074865466,0.14338449760142544,0.4462532098851213,0.4416332946952743,0.45090341834986614,47.20391273139296,182.81996788451318,4.726060029479232e-25,6.103515625e-05,2.221248213855239e-23,True,0.6,random|0.5|none|0.0|0|post_failure
knowledge_survival,B7,B6,15,0.8819533333333335,0.8217233333333335,0.06022999999999999,0.05906658333333333,0.06133008333333333,26.361233412049522,102.09661799035433,1.6369645313892093e-21,0.0006533107814151376,7.857429750668205e-20,True,0.6,random|0.5|none|0.0|0|post_failure
contradiction_f1,B7,B6,15,0.48441732098757817,0.6409446071009085,-0.1565272861133304,-0.16474035785262153,-0.14923379142425583,-9.779393962357023,-37.87542995221011,1.657056442711108e-15,6.103515625e-05,7.622459636471097e-14,True,0.6,random|0.5|none|0.0|0|post_failure
ece_recalibrated,B7,B6,15,0.0032262843804878997,0.005891959259159474,-0.002665674878671574,-0.004411441898619678,-0.0009452649466698062,-0.7516330464072434,-2.9110622711944,0.011390268875173182,0.0067138671875,0.5239523682579664,False,0.6,random|0.5|none|0.0|0|post_failure
accuracy_macro,B3Q,B3,15,0.8076747357039817,0.5633322237971242,0.24434251190685757,0.24139489265129854,0.24747856773777396,38.87304874835025,150.55467041866962,7.153927722361835e-24,6.103515625e-05,3.2192674750628256e-22,True,0.6,random|0.5|none|0.0|0|post_failure
acc_revision_sensitive,B3Q,B3,15,0.6773924400139529,0.08435067674561655,0.5930417632683364,0.5874573146711253,0.5982661925002876,53.121707931222645,205.73949013971975,9.049693572715421e-26,6.103515625e-05,4.615343722084865e-24,True,0.6,random|0.5|none|0.0|0|post_failure
knowledge_survival,B3Q,B3,15,0.8985,0.8216833333333334,0.07681666666666667,0.07559991666666666,0.07816999999999999,28.975144091802818,112.22025052151254,4.363748059228504e-22,0.0006533107814151376,2.138236549021967e-20,True,0.6,random|0.5|none|0.0|0|post_failure
contradiction_f1,B3Q,B3,15,0.3005002265868003,0.4564412682571348,-0.15594104167033457,-0.16377146081407276,-0.1482240063688121,-9.841026905692553,-38.11413331532636,1.5187371281206862e-15,6.103515625e-05,7.138064502167225e-14,True,0.6,random|0.5|none|0.0|0|post_failure
ece_recalibrated,B3Q,B3,15,0.002851594241763546,0.006589960543768287,-0.0037383663020047423,-0.005293383324464255,-0.0020953658849732514,-1.1382058846720038,-4.408252435889951,0.0005952861966387306,0.00201416015625,0.02976430983193653,True,0.6,random|0.5|none|0.0|0|post_failure
accuracy_macro,B7,B6,15,0.7637745881076943,0.5749627139683606,0.18881187413933373,0.18657139155469088,0.1909586082745527,41.96660100061395,162.53594677230933,2.4503135613671595e-24,6.103515625e-05,1.1761505094562367e-22,True,1.0,random|0.5|none|0.0|0|post_failure
acc_revision_sensitive,B7,B6,15,0.5896377074865466,0.14338449760142544,0.4462532098851213,0.4416332946952743,0.45090341834986614,47.20391273139296,182.81996788451318,4.726060029479232e-25,6.103515625e-05,2.221248213855239e-23,True,1.0,random|0.5|none|0.0|0|post_failure
knowledge_survival,B7,B6,15,0.8819533333333335,0.8217233333333335,0.06022999999999999,0.05906658333333333,0.06133008333333333,26.361233412049522,102.09661799035433,1.6369645313892093e-21,0.0006533107814151376,7.857429750668205e-20,True,1.0,random|0.5|none|0.0|0|post_failure
contradiction_f1,B7,B6,15,0.48441732098757817,0.6409446071009085,-0.1565272861133304,-0.16474035785262153,-0.14923379142425583,-9.779393962357023,-37.87542995221011,1.657056442711108e-15,6.103515625e-05,7.622459636471097e-14,True,1.0,random|0.5|none|0.0|0|post_failure
ece_recalibrated,B7,B6,15,0.0032262843804878997,0.005891959259159474,-0.002665674878671574,-0.004411441898619678,-0.0009452649466698062,-0.7516330464072434,-2.9110622711944,0.011390268875173182,0.0067138671875,0.5239523682579664,False,1.0,random|0.5|none|0.0|0|post_failure
accuracy_macro,B3Q,B3,15,0.8955029532573239,0.5633322237971242,0.3321707294601996,0.3298489661532586,0.33440212589704144,70.33702914365874,272.4141424950961,1.779388814363878e-27,6.103515625e-05,9.608699597564942e-26,True,1.0,random|0.5|none|0.0|0|post_failure
acc_revision_sensitive,B3Q,B3,15,0.8797943867261537,0.08435067674561655,0.7954437099805373,0.7918434626819831,0.7987295926803959,111.52860966861806,431.94844787222524,2.8039024129881135e-30,6.103515625e-05,1.5141073030135813e-28,True,1.0,random|0.5|none|0.0|0|post_failure
knowledge_survival,B3Q,B3,15,0.9292633333333333,0.8216833333333334,0.10758000000000001,0.10619666666666668,0.10899675000000002,37.920500931294214,146.86546858674535,1.01227515345685e-23,6.103515625e-05,5.26383079797562e-22,True,1.0,random|0.5|none|0.0|0|post_failure
contradiction_f1,B3Q,B3,15,0.14021916342712631,0.4564412682571348,-0.31622210483000857,-0.3242808032353613,-0.30783688852259083,-18.75544220503326,-72.63951531084952,1.905681957874514e-19,6.103515625e-05,9.909546180947472e-18,True,1.0,random|0.5|none|0.0|0|post_failure
ece_recalibrated,B3Q,B3,15,0.001509424208815641,0.006589960543768287,-0.005080536334952646,-0.007049766953131149,-0.003215745671615655,-1.297536631853774,-5.025337766263731,0.00018559453231894503,6.103515625e-05,0.009650915680585142,True,1.0,random|0.5|none|0.0|0|post_failure
accuracy_macro,B7,B6,15,0.7637745881076943,0.5749627139683606,0.18881187413933373,0.18657139155469088,0.1909586082745527,41.96660100061395,162.53594677230933,2.4503135613671595e-24,6.103515625e-05,1.1761505094562367e-22,True,2.0,random|0.5|none|0.0|0|post_failure
acc_revision_sensitive,B7,B6,15,0.5896377074865466,0.14338449760142544,0.4462532098851213,0.4416332946952743,0.45090341834986614,47.20391273139296,182.81996788451318,4.726060029479232e-25,6.103515625e-05,2.221248213855239e-23,True,2.0,random|0.5|none|0.0|0|post_failure
knowledge_survival,B7,B6,15,0.8819533333333335,0.8217233333333335,0.06022999999999999,0.05906658333333333,0.06133008333333333,26.361233412049522,102.09661799035433,1.6369645313892093e-21,0.0006533107814151376,7.857429750668205e-20,True,2.0,random|0.5|none|0.0|0|post_failure
contradiction_f1,B7,B6,15,0.48441732098757817,0.6409446071009085,-0.1565272861133304,-0.16474035785262153,-0.14923379142425583,-9.779393962357023,-37.87542995221011,1.657056442711108e-15,6.103515625e-05,7.622459636471097e-14,True,2.0,random|0.5|none|0.0|0|post_failure
ece_recalibrated,B7,B6,15,0.0032262843804878997,0.005891959259159474,-0.002665674878671574,-0.004411441898619678,-0.0009452649466698062,-0.7516330464072434,-2.9110622711944,0.011390268875173182,0.0067138671875,0.5239523682579664,False,2.0,random|0.5|none|0.0|0|post_failure
accuracy_macro,B3Q,B3,15,0.8956513334990898,0.5633322237971242,0.33231910970196554,0.3298824970116416,0.33455095000198426,68.16615532528243,264.00638434980686,2.7596192499495592e-27,6.103515625e-05,1.4625982024732663e-25,True,2.0,random|0.5|none|0.0|0|post_failure
acc_revision_sensitive,B3Q,B3,15,0.8797428460353108,0.08435067674561655,0.7953921692896943,0.7913792829312571,0.7993569157406502,96.0955317111644,372.17639396228645,2.2555476799168268e-29,6.103515625e-05,1.1954402703559182e-27,True,2.0,random|0.5|none|0.0|0|post_failure
knowledge_survival,B3Q,B3,15,0.92953,0.8216833333333334,0.10784666666666665,0.10664991666666662,0.10900333333333331,45.27072152035202,175.3327505191171,8.484832996184494e-25,6.103515625e-05,4.5818098179396264e-23,True,2.0,random|0.5|none|0.0|0|post_failure
contradiction_f1,B3Q,B3,15,0.13683525893368806,0.4564412682571348,-0.3196060093234469,-0.3274891063910289,-0.31217144524061924,-20.472512108078668,-79.28969844961837,5.605949330919547e-20,6.103515625e-05,3.0272126386965553e-18,True,2.0,random|0.5|none|0.0|0|post_failure
ece_recalibrated,B3Q,B3,15,0.0013964598597013785,0.006589960543768287,-0.005193500684066909,-0.007102162209929886,-0.003226748281089761,-1.3214236182204833,-5.11785166665308,0.00015646815018891485,0.00042724609375,0.008292811960012487,True,2.0,random|0.5|none|0.0|0|post_failure
accuracy_macro,B7,B6,15,0.7033487676082738,0.4518455578193294,0.25150320978894436,0.24919122602968366,0.25397686774064776,52.17574534672575,202.07579280382794,1.163714767411416e-25,6.103515625e-05,6.051316790539363e-24,True,2.0,targeted_whitebox|0.5|none|0.0|0|post_failure
acc_revision_sensitive,B7,B6,15,0.7219209491208001,0.12028832174719756,0.6016326273736025,0.5946582099839572,0.6084011642737746,43.21205641137498,167.35957483663074,1.6273894235132233e-24,6.103515625e-05,7.160513463458183e-23,True,2.0,targeted_whitebox|0.5|none|0.0|0|post_failure
knowledge_survival,B7,B6,15,0.7673200000000002,0.6788500000000002,0.08847000000000002,0.08730333333333334,0.08975341666666668,35.07098818545829,135.82935317731705,3.0196100168552983e-23,6.103515625e-05,1.540001108596202e-21,True,2.0,targeted_whitebox|0.5|none|0.0|0|post_failure
contradiction_f1,B7,B6,15,0.10249295422289793,0.5086805480652908,-0.4061875938423931,-0.4162817847490512,-0.3965407222737084,-20.31229138722843,-78.66916626604807,6.256334109577974e-20,6.103515625e-05,3.315857078076326e-18,True,2.0,targeted_whitebox|0.5|none|0.0|0|post_failure
ece_recalibrated,B7,B6,15,0.0017646583969528355,0.007492714632823407,-0.005728056235870572,-0.007564492991081083,-0.003996616753603874,-1.5450570563174106,-5.983980248057586,3.345727711211468e-05,6.103515625e-05,0.001806692964054193,True,2.0,targeted_whitebox|0.5|none|0.0|0|post_failure
accuracy_macro,B3Q,B3,15,0.7038032309202799,0.44212502272297094,0.261678208197309,0.25889254594451216,0.26467210171856836,44.041312999174934,170.57127179091276,1.2472975597719052e-24,6.103515625e-05,6.111758042882335e-23,True,2.0,targeted_whitebox|0.5|none|0.0|0|post_failure
acc_revision_sensitive,B3Q,B3,15,0.7219816705247566,0.07071845735226732,0.6512632131724891,0.6470661248946491,0.6558077300872617,71.75699872914491,277.913661051805,1.3451431118834733e-27,6.103515625e-05,6.994744181794061e-26,True,2.0,targeted_whitebox|0.5|none|0.0|0|post_failure
knowledge_survival,B3Q,B3,15,0.76728,0.6791533333333334,0.08812666666666666,0.08673333333333336,0.08957333333333335,30.578118382036674,118.42854325198692,2.054899873743956e-22,0.0006533107814151376,1.027449936871978e-20,True,2.0,targeted_whitebox|0.5|none|0.0|0|post_failure
contradiction_f1,B3Q,B3,15,0.10097054634650407,0.35117138268655534,-0.2502008363400513,-0.2576333911953177,-0.24272251063428796,-16.030684739368592,-62.08657502387593,1.7049956564518036e-18,6.103515625e-05,8.695477847904199e-17,True,2.0,targeted_whitebox|0.5|none|0.0|0|post_failure
ece_recalibrated,B3Q,B3,15,0.0016027760220194659,0.006288795828873497,-0.004686019806854032,-0.006688535991710959,-0.002812274075386563,-1.1812250078435016,-4.574864783501607,0.00043268591181708655,0.0008544921875,0.022066981502671414,True,2.0,targeted_whitebox|0.5|none|0.0|0|post_failure
