question_budget,condition,system,accuracy_macro,acc_ci_low,acc_ci_high,knowledge_survival,acc_revision_sensitive,contradiction_f1,ece_recalibrated,storage_per_claim,messages_per_claim,n_seeds
0.05,correlated_org|0.5|none|0.0|0|post_failure,B3,0.5626755413368676,0.5611145388456362,0.564236543828099,0.8210266666666667,0.08272918309550491,0.45794556065792147,0.0041716125142204205,4.0,8.0,15
0.1,correlated_org|0.5|none|0.0|0|post_failure,B3,0.5626755413368676,0.5611145388456362,0.564236543828099,0.8210266666666667,0.08272918309550491,0.45794556065792147,0.0041716125142204205,4.0,8.0,15
0.2,correlated_org|0.5|none|0.0|0|post_failure,B3,0.5626755413368676,0.5611145388456362,0.564236543828099,0.8210266666666667,0.08272918309550491,0.45794556065792147,0.0041716125142204205,4.0,8.0,15
0.4,correlated_org|0.5|none|0.0|0|post_failure,B3,0.5626755413368676,0.5611145388456362,0.564236543828099,0.8210266666666667,0.08272918309550491,0.45794556065792147,0.0041716125142204205,4.0,8.0,15
0.6,correlated_org|0.5|none|0.0|0|post_failure,B3,0.5626755413368676,0.5611145388456362,0.564236543828099,0.8210266666666667,0.08272918309550491,0.45794556065792147,0.0041716125142204205,4.0,8.0,15
1.0,correlated_org|0.5|none|0.0|0|post_failure,B3,0.5626755413368676,0.5611145388456362,0.564236543828099,0.8210266666666667,0.08272918309550491,0.45794556065792147,0.0041716125142204205,4.0,8.0,15
2.0,correlated_org|0.5|none|0.0|0|post_failure,B3,0.5626755413368676,0.5611145388456362,0.564236543828099,0.8210266666666667,0.08272918309550491,0.45794556065792147,0.0041716125142204205,4.0,8.0,15
0.05,random|0.3|node_coordinated|0.2|0|post_failure,B3,0.499793919717396,0.49621969090148,0.503368148533312,0.75243,0.0682768299103315,0.5399097222648485,0.008985869115500193,4.0,8.0,15
0.1,random|0.3|node_coordinated|0.2|0|post_failure,B3,0.499793919717396,0.49621969090148,0.503368148533312,0.75243,0.0682768299103315,0.5399097222648485,0.008985869115500193,4.0,8.0,15
0.2,random|0.3|node_coordinated|0.2|0|post_failure,B3,0.499793919717396,0.49621969090148,0.503368148533312,0.75243,0.0682768299103315,0.5399097222648485,0.008985869115500193,4.0,8.0,15
0.4,random|0.3|node_coordinated|0.2|0|post_failure,B3,0.499793919717396,0.49621969090148,0.503368148533312,0.75243,0.0682768299103315,0.5399097222648485,0.008985869115500193,4.0,8.0,15
0.6,random|0.3|node_coordinated|0.2|0|post_failure,B3,0.499793919717396,0.49621969090148,0.503368148533312,0.75243,0.0682768299103315,0.5399097222648485,0.008985869115500193,4.0,8.0,15
1.0,random|0.3|node_coordinated|0.2|0|post_failure,B3,0.499793919717396,0.49621969090148,0.503368148533312,0.75243,0.0682768299103315,0.5399097222648485,0.008985869115500193,4.0,8.0,15
2.0,random|0.3|node_coordinated|0.2|0|post_failure,B3,0.499793919717396,0.49621969090148,0.503368148533312,0.75243,0.0682768299103315,0.5399097222648485,0.008985869115500193,4.0,8.0,15
0.05,random|0.3|root|0.2|0|post_failure,B3,0.45823520280013746,0.4559515919780674,0.46051881362220753,0.7030133333333332,0.06620035831345335,0.6276397297032829,0.007207802923618095,4.0,8.0,15
0.1,random|0.3|root|0.2|0|post_failure,B3,0.45823520280013746,0.4559515919780674,0.46051881362220753,0.7030133333333332,0.06620035831345335,0.6276397297032829,0.007207802923618095,4.0,8.0,15
0.2,random|0.3|root|0.2|0|post_failure,B3,0.45823520280013746,0.4559515919780674,0.46051881362220753,0.7030133333333332,0.06620035831345335,0.6276397297032829,0.007207802923618095,4.0,8.0,15
0.4,random|0.3|root|0.2|0|post_failure,B3,0.45823520280013746,0.4559515919780674,0.46051881362220753,0.7030133333333332,0.06620035831345335,0.6276397297032829,0.007207802923618095,4.0,8.0,15
0.6,random|0.3|root|0.2|0|post_failure,B3,0.45823520280013746,0.4559515919780674,0.46051881362220753,0.7030133333333332,0.06620035831345335,0.6276397297032829,0.007207802923618095,4.0,8.0,15
1.0,random|0.3|root|0.2|0|post_failure,B3,0.45823520280013746,0.4559515919780674,0.46051881362220753,0.7030133333333332,0.06620035831345335,0.6276397297032829,0.007207802923618095,4.0,8.0,15
2.0,random|0.3|root|0.2|0|post_failure,B3,0.45823520280013746,0.4559515919780674,0.46051881362220753,0.7030133333333332,0.06620035831345335,0.6276397297032829,0.007207802923618095,4.0,8.0,15
0.05,random|0.5|none|0.0|0|post_failure,B3,0.5633322237971242,0.5612231556073974,0.565441291986851,0.8216833333333334,0.08435067674561655,0.4564412682571348,0.006589960543768287,4.0,8.0,15
0.1,random|0.5|none|0.0|0|post_failure,B3,0.5633322237971242,0.5612231556073974,0.565441291986851,0.8216833333333334,0.08435067674561655,0.4564412682571348,0.006589960543768287,4.0,8.0,15
0.2,random|0.5|none|0.0|0|post_failure,B3,0.5633322237971242,0.5612231556073974,0.565441291986851,0.8216833333333334,0.08435067674561655,0.4564412682571348,0.006589960543768287,4.0,8.0,15
0.4,random|0.5|none|0.0|0|post_failure,B3,0.5633322237971242,0.5612231556073974,0.565441291986851,0.8216833333333334,0.08435067674561655,0.4564412682571348,0.006589960543768287,4.0,8.0,15
0.6,random|0.5|none|0.0|0|post_failure,B3,0.5633322237971242,0.5612231556073974,0.565441291986851,0.8216833333333334,0.08435067674561655,0.4564412682571348,0.006589960543768287,4.0,8.0,15
1.0,random|0.5|none|0.0|0|post_failure,B3,0.5633322237971242,0.5612231556073974,0.565441291986851,0.8216833333333334,0.08435067674561655,0.4564412682571348,0.006589960543768287,4.0,8.0,15
2.0,random|0.5|none|0.0|0|post_failure,B3,0.5633322237971242,0.5612231556073974,0.565441291986851,0.8216833333333334,0.08435067674561655,0.4564412682571348,0.006589960543768287,4.0,8.0,15
0.05,targeted_whitebox|0.5|none|0.0|0|post_failure,B3,0.44212502272297094,0.44036071327939236,0.4438893321665495,0.6791533333333334,0.07071845735226732,0.35117138268655534,0.006288795828873497,4.0,8.0,15
0.1,targeted_whitebox|0.5|none|0.0|0|post_failure,B3,0.44212502272297094,0.44036071327939236,0.4438893321665495,0.6791533333333334,0.07071845735226732,0.35117138268655534,0.006288795828873497,4.0,8.0,15
0.2,targeted_whitebox|0.5|none|0.0|0|post_failure,B3,0.44212502272297094,0.44036071327939236,0.4438893321665495,0.6791533333333334,0.07071845735226732,0.35117138268655534,0.006288795828873497,4.0,8.0,15
0.4,targeted_whitebox|0.5|none|0.0|0|post_failure,B3,0.44212502272297094,0.44036071327939236,0.4438893321665495,0.6791533333333334,0.07071845735226732,0.35117138268655534,0.006288795828873497,4.0,8.0,15
0.6,targeted_whitebox|0.5|none|0.0|0|post_failure,B3,0.44212502272297094,0.44036071327939236,0.4438893321665495,0.6791533333333334,0.07071845735226732,0.35117138268655534,0.006288795828873497,4.0,8.0,15
1.0,targeted_whitebox|0.5|none|0.0|0|post_failure,B3,0.44212502272297094,0.44036071327939236,0.4438893321665495,0.6791533333333334,0.07071845735226732,0.35117138268655534,0.006288795828873497,4.0,8.0,15
2.0,targeted_whitebox|0.5|none|0.0|0|post_failure,B3,0.44212502272297094,0.44036071327939236,0.4438893321665495,0.6791533333333334,0.07071845735226732,0.35117138268655534,0.006288795828873497,4.0,8.0,15
0.05,correlated_org|0.5|none|0.0|0|post_failure,B3Q,0.6000796521621706,0.5973944092531654,0.6027648950711758,0.8324999999999999,0.17654083872545182,0.4599452395609345,0.00631661622818795,4.0,8.639579999999999,15
0.1,correlated_org|0.5|none|0.0|0|post_failure,B3Q,0.6279982768408524,0.625942123952542,0.6300544297291628,0.8407966666666666,0.24632018864802935,0.44719384299948733,0.006292483007950126,4.0,9.280453333333332,15
0.2,correlated_org|0.5|none|0.0|0|post_failure,B3Q,0.6749848670830049,0.6712914353182158,0.678678298847794,0.8549100000000001,0.36471247570931786,0.43934572168690145,0.005964205423625731,4.0,10.5609,15
0.4,correlated_org|0.5|none|0.0|0|post_failure,B3Q,0.7467433011803355,0.7438988713489281,0.7495877310117429,0.87846,0.5378755084144835,0.37963472958619976,0.0035828881287234262,4.0,13.1212,15
0.6,correlated_org|0.5|none|0.0|0|post_failure,B3Q,0.806607616573946,0.8039568740241775,0.8092583591237145,0.8986833333333334,0.6777817690553853,0.2963136342239727,0.00405298905171066,4.0,15.68082,15
1.0,correlated_org|0.5|none|0.0|0|post_failure,B3Q,0.8941626488316761,0.892066607012829,0.8962586906505231,0.9290100000000002,0.8763934808270921,0.1406622784448009,0.0009565902550523285,4.0,20.803633333333334,15
2.0,correlated_org|0.5|none|0.0|0|post_failure,B3Q,0.8941337504998583,0.8918975002412649,0.8963700007584517,0.9286600000000002,0.8777226445775616,0.13522525926378298,0.0012246235006234064,4.0,26.40328666666666,15
0.05,random|0.3|node_coordinated|0.2|0|post_failure,B3Q,0.5229640862227224,0.5196592778242818,0.526268894621163,0.7546766666666666,0.13637324911682544,0.5378117982827977,0.008498509204149848,4.0,8.639579999999999,15
0.1,random|0.3|node_coordinated|0.2|0|post_failure,B3Q,0.5382301419008452,0.5354297276367669,0.5410305561649235,0.7553766666666665,0.19187126498473409,0.5355070438627472,0.007456181038009921,4.0,9.280453333333332,15
0.2,random|0.3|node_coordinated|0.2|0|post_failure,B3Q,0.5574853215745762,0.5532664329054089,0.5617042102437435,0.75107,0.27493722226029854,0.538519945349662,0.007189093102262952,4.0,10.5609,15
0.4,random|0.3|node_coordinated|0.2|0|post_failure,B3Q,0.5829968153165137,0.5790600690365588,0.5869335615964686,0.7382533333333332,0.39741475765894785,0.5435574797285694,0.008645728450644678,4.0,13.1212,15
0.6,random|0.3|node_coordinated|0.2|0|post_failure,B3Q,0.6029465074406587,0.5994179446943467,0.6064750701869707,0.7241233333333333,0.49691399296993527,0.554278931223479,0.010807190831650314,4.0,15.68082,15
1.0,random|0.3|node_coordinated|0.2|0|post_failure,B3Q,0.614746392440257,0.6090825302450111,0.6204102546355028,0.68552,0.6381913412922057,0.5769578924493804,0.009622976287211793,4.0,20.803633333333334,15
2.0,random|0.3|node_coordinated|0.2|0|post_failure,B3Q,0.6134180586263392,0.6082160462921571,0.6186200709605214,0.6845633333333333,0.6350114153161149,0.5793190965861904,0.009509323479987696,4.0,26.40328666666666,15
0.05,random|0.3|root|0.2|0|post_failure,B3Q,0.4907916387555274,0.48789616041287237,0.4936871170981824,0.7115566666666667,0.1449948043530948,0.6276867556803436,0.00729940372439127,4.0,8.639579999999999,15
0.1,random|0.3|root|0.2|0|post_failure,B3Q,0.516613402739834,0.5138464494956706,0.5193803559839975,0.7188633333333332,0.20764850103606516,0.6255278287286965,0.01037306951054826,4.0,9.280453333333332,15
0.2,random|0.3|root|0.2|0|post_failure,B3Q,0.5565678582248311,0.5532949549112072,0.5598407615384551,0.7316666666666667,0.30481862590629316,0.6227035370384706,0.010376514285797873,4.0,10.5609,15
0.4,random|0.3|root|0.2|0|post_failure,B3Q,0.6167195545184045,0.6138426336257348,0.6195964754110743,0.7517500000000001,0.4578951218752323,0.6156690813631496,0.009574733578890052,4.0,13.1212,15
0.6,random|0.3|root|0.2|0|post_failure,B3Q,0.6675271539555426,0.6646190785869537,0.6704352293241316,0.7703233333333335,0.5837538170978523,0.6097243145612574,0.00829225165829104,4.0,15.68082,15
1.0,random|0.3|root|0.2|0|post_failure,B3Q,0.7419093082556446,0.7392988081365133,0.7445198083747759,0.7981233333333333,0.7617215970534337,0.5989010607741089,0.008529070650480837,4.0,20.803633333333334,15
2.0,random|0.3|root|0.2|0|post_failure,B3Q,0.7427445821093337,0.7403098976420158,0.7451792665766516,0.7987766666666666,0.7644378769055646,0.6089804109979258,0.007605647628743617,4.0,26.40328666666666,15
0.05,random|0.5|none|0.0|0|post_failure,B3Q,0.5998935037147368,0.597642415822989,0.6021445916064846,0.8320933333333334,0.17428417025429574,0.45580685994186865,0.005597828190262664,4.0,8.639579999999999,15
0.1,random|0.5|none|0.0|0|post_failure,B3Q,0.6312988102080943,0.6294075166420595,0.6331901037741291,0.8410633333333333,0.24971117555886016,0.4473595794848242,0.005129704482011042,4.0,9.280453333333332,15
0.2,random|0.5|none|0.0|0|post_failure,B3Q,0.6775609563849682,0.6742596590949982,0.6808622536749381,0.8552533333333333,0.36339780453134235,0.4429781243240616,0.005363639233559273,4.0,10.5609,15
0.4,random|0.5|none|0.0|0|post_failure,B3Q,0.7496923820366469,0.7474795649678825,0.7519051991054113,0.8789066666666666,0.5365369069879108,0.3855939703949937,0.004002929353521779,4.0,13.1212,15
0.6,random|0.5|none|0.0|0|post_failure,B3Q,0.8076747357039817,0.8056307824431587,0.8097186889648048,0.8985,0.6773924400139529,0.3005002265868003,0.002851594241763546,4.0,15.68082,15
1.0,random|0.5|none|0.0|0|post_failure,B3Q,0.8955029532573239,0.8935495687070112,0.8974563378076366,0.9292633333333333,0.8797943867261537,0.14021916342712631,0.001509424208815641,4.0,20.803633333333334,15
2.0,random|0.5|none|0.0|0|post_failure,B3Q,0.8956513334990898,0.893599406559475,0.8977032604387045,0.92953,0.8797428460353108,0.13683525893368806,0.0013964598597013785,4.0,26.40328666666666,15
0.05,targeted_whitebox|0.5|none|0.0|0|post_failure,B3Q,0.4690529390391516,0.46718330047750356,0.4709225776007996,0.6873100000000001,0.14021477959394282,0.35407356099436016,0.00526135687950144,4.0,8.639579999999999,15
0.1,targeted_whitebox|0.5|none|0.0|0|post_failure,B3Q,0.49245464312223014,0.49085917555235337,0.4940501106921069,0.6945233333333332,0.19626922401184163,0.3410527154656757,0.006651096213783175,4.0,9.280453333333332,15
0.2,targeted_whitebox|0.5|none|0.0|0|post_failure,B3Q,0.5277685421216388,0.5255509869722841,0.5299860972709936,0.7053033333333333,0.2861147552167118,0.34055416514734155,0.006918527761384037,4.0,10.5609,15
0.4,targeted_whitebox|0.5|none|0.0|0|post_failure,B3Q,0.5834073776078655,0.5814723488917916,0.5853424063239395,0.7234633333333333,0.42759837038815246,0.29690792075581185,0.003580059487263324,4.0,13.1212,15
0.6,targeted_whitebox|0.5|none|0.0|0|post_failure,B3Q,0.6285396066796396,0.6263316523323496,0.6307475610269296,0.7405233333333333,0.536486685329162,0.2469015284602657,0.004270239148660493,4.0,15.68082,15
1.0,targeted_whitebox|0.5|none|0.0|0|post_failure,B3Q,0.7052492138881608,0.7027757877040721,0.7077226400722494,0.7678466666666666,0.7210585442437648,0.10609963899385431,0.001395768908296108,4.0,20.803633333333334,15
2.0,targeted_whitebox|0.5|none|0.0|0|post_failure,B3Q,0.7038032309202799,0.7017759422316021,0.7058305196089576,0.76728,0.7219816705247566,0.10097054634650407,0.0016027760220194659,4.0,26.40328666666666,15
0.05,correlated_org|0.5|none|0.0|0|post_failure,B6,0.5760815228311722,0.5736536110926442,0.5785094345697002,0.8230966666666666,0.14178102828895156,0.640266232098795,0.006324736817247978,4.0,8.0,15
0.1,correlated_org|0.5|none|0.0|0|post_failure,B6,0.5760815228311722,0.5736536110926442,0.5785094345697002,0.8230966666666666,0.14178102828895156,0.640266232098795,0.006324736817247978,4.0,8.0,15
0.2,correlated_org|0.5|none|0.0|0|post_failure,B6,0.5760815228311722,0.5736536110926442,0.5785094345697002,0.8230966666666666,0.14178102828895156,0.640266232098795,0.006324736817247978,4.0,8.0,15
0.4,correlated_org|0.5|none|0.0|0|post_failure,B6,0.5760815228311722,0.5736536110926442,0.5785094345697002,0.8230966666666666,0.14178102828895156,0.640266232098795,0.006324736817247978,4.0,8.0,15
0.6,correlated_org|0.5|none|0.0|0|post_failure,B6,0.5760815228311722,0.5736536110926442,0.5785094345697002,0.8230966666666666,0.14178102828895156,0.640266232098795,0.006324736817247978,4.0,8.0,15
1.0,correlated_org|0.5|none|0.0|0|post_failure,B6,0.5760815228311722,0.5736536110926442,0.5785094345697002,0.8230966666666666,0.14178102828895156,0.640266232098795,0.006324736817247978,4.0,8.0,15
2.0,correlated_org|0.5|none|0.0|0|post_failure,B6,0.5760815228311722,0.5736536110926442,0.5785094345697002,0.8230966666666666,0.14178102828895156,0.640266232098795,0.006324736817247978,4.0,8.0,15
0.05,random|0.3|node_coordinated|0.2|0|post_failure,B6,0.5097732621679713,0.505687830659618,0.5138586936763245,0.7523466666666665,0.11867121716260162,0.5560980740055423,0.00861038083846693,4.0,8.0,15
0.1,random|0.3|node_coordinated|0.2|0|post_failure,B6,0.5097732621679713,0.505687830659618,0.5138586936763245,0.7523466666666665,0.11867121716260162,0.5560980740055423,0.00861038083846693,4.0,8.0,15
0.2,random|0.3|node_coordinated|0.2|0|post_failure,B6,0.5097732621679713,0.505687830659618,0.5138586936763245,0.7523466666666665,0.11867121716260162,0.5560980740055423,0.00861038083846693,4.0,8.0,15
0.4,random|0.3|node_coordinated|0.2|0|post_failure,B6,0.5097732621679713,0.505687830659618,0.5138586936763245,0.7523466666666665,0.11867121716260162,0.5560980740055423,0.00861038083846693,4.0,8.0,15
0.6,random|0.3|node_coordinated|0.2|0|post_failure,B6,0.5097732621679713,0.505687830659618,0.5138586936763245,0.7523466666666665,0.11867121716260162,0.5560980740055423,0.00861038083846693,4.0,8.0,15
1.0,random|0.3|node_coordinated|0.2|0|post_failure,B6,0.5097732621679713,0.505687830659618,0.5138586936763245,0.7523466666666665,0.11867121716260162,0.5560980740055423,0.00861038083846693,4.0,8.0,15
2.0,random|0.3|node_coordinated|0.2|0|post_failure,B6,0.5097732621679713,0.505687830659618,0.5138586936763245,0.7523466666666665,0.11867121716260162,0.5560980740055423,0.00861038083846693,4.0,8.0,15
0.05,random|0.3|root|0.2|0|post_failure,B6,0.4768134725986705,0.47404959119124157,0.47957735400609947,0.7175233333333332,0.11695586244359808,0.827805613955604,0.008759153826351656,4.0,8.0,15
0.1,random|0.3|root|0.2|0|post_failure,B6,0.4768134725986705,0.47404959119124157,0.47957735400609947,0.7175233333333332,0.11695586244359808,0.827805613955604,0.008759153826351656,4.0,8.0,15
0.2,random|0.3|root|0.2|0|post_failure,B6,0.4768134725986705,0.47404959119124157,0.47957735400609947,0.7175233333333332,0.11695586244359808,0.827805613955604,0.008759153826351656,4.0,8.0,15
0.4,random|0.3|root|0.2|0|post_failure,B6,0.4768134725986705,0.47404959119124157,0.47957735400609947,0.7175233333333332,0.11695586244359808,0.827805613955604,0.008759153826351656,4.0,8.0,15
0.6,random|0.3|root|0.2|0|post_failure,B6,0.4768134725986705,0.47404959119124157,0.47957735400609947,0.7175233333333332,0.11695586244359808,0.827805613955604,0.008759153826351656,4.0,8.0,15
1.0,random|0.3|root|0.2|0|post_failure,B6,0.4768134725986705,0.47404959119124157,0.47957735400609947,0.7175233333333332,0.11695586244359808,0.827805613955604,0.008759153826351656,4.0,8.0,15
2.0,random|0.3|root|0.2|0|post_failure,B6,0.4768134725986705,0.47404959119124157,0.47957735400609947,0.7175233333333332,0.11695586244359808,0.827805613955604,0.008759153826351656,4.0,8.0,15
0.05,random|0.5|none|0.0|0|post_failure,B6,0.5749627139683606,0.5724738488060345,0.5774515791306868,0.8217233333333335,0.14338449760142544,0.6409446071009085,0.005891959259159474,4.0,8.0,15
0.1,random|0.5|none|0.0|0|post_failure,B6,0.5749627139683606,0.5724738488060345,0.5774515791306868,0.8217233333333335,0.14338449760142544,0.6409446071009085,0.005891959259159474,4.0,8.0,15
0.2,random|0.5|none|0.0|0|post_failure,B6,0.5749627139683606,0.5724738488060345,0.5774515791306868,0.8217233333333335,0.14338449760142544,0.6409446071009085,0.005891959259159474,4.0,8.0,15
0.4,random|0.5|none|0.0|0|post_failure,B6,0.5749627139683606,0.5724738488060345,0.5774515791306868,0.8217233333333335,0.14338449760142544,0.6409446071009085,0.005891959259159474,4.0,8.0,15
0.6,random|0.5|none|0.0|0|post_failure,B6,0.5749627139683606,0.5724738488060345,0.5774515791306868,0.8217233333333335,0.14338449760142544,0.6409446071009085,0.005891959259159474,4.0,8.0,15
1.0,random|0.5|none|0.0|0|post_failure,B6,0.5749627139683606,0.5724738488060345,0.5774515791306868,0.8217233333333335,0.14338449760142544,0.6409446071009085,0.005891959259159474,4.0,8.0,15
2.0,random|0.5|none|0.0|0|post_failure,B6,0.5749627139683606,0.5724738488060345,0.5774515791306868,0.8217233333333335,0.14338449760142544,0.6409446071009085,0.005891959259159474,4.0,8.0,15
0.05,targeted_whitebox|0.5|none|0.0|0|post_failure,B6,0.4518455578193294,0.45009746312938675,0.453593652509272,0.6788500000000002,0.12028832174719756,0.5086805480652908,0.007492714632823407,4.0,8.0,15
0.1,targeted_whitebox|0.5|none|0.0|0|post_failure,B6,0.4518455578193294,0.45009746312938675,0.453593652509272,0.6788500000000002,0.12028832174719756,0.5086805480652908,0.007492714632823407,4.0,8.0,15
0.2,targeted_whitebox|0.5|none|0.0|0|post_failure,B6,0.4518455578193294,0.45009746312938675,0.453593652509272,0.6788500000000002,0.12028832174719756,0.5086805480652908,0.007492714632823407,4.0,8.0,15
0.4,targeted_whitebox|0.5|none|0.0|0|post_failure,B6,0.4518455578193294,0.45009746312938675,0.453593652509272,0.6788500000000002,0.12028832174719756,0.5086805480652908,0.007492714632823407,4.0,8.0,15
0.6,targeted_whitebox|0.5|none|0.0|0|post_failure,B6,0.4518455578193294,0.45009746312938675,0.453593652509272,0.6788500000000002,0.12028832174719756,0.5086805480652908,0.007492714632823407,4.0,8.0,15
1.0,targeted_whitebox|0.5|none|0.0|0|post_failure,B6,0.4518455578193294,0.45009746312938675,0.453593652509272,0.6788500000000002,0.12028832174719756,0.5086805480652908,0.007492714632823407,4.0,8.0,15
2.0,targeted_whitebox|0.5|none|0.0|0|post_failure,B6,0.4518455578193294,0.45009746312938675,0.453593652509272,0.6788500000000002,0.12028832174719756,0.5086805480652908,0.007492714632823407,4.0,8.0,15
0.05,correlated_org|0.5|none|0.0|0|post_failure,B7,0.6011423161007591,0.5987259572392706,0.6035586749622476,0.8297466666666667,0.20769159003955828,0.6354289770816303,0.0056112220795853,4.0,8.53144,15
0.1,correlated_org|0.5|none|0.0|0|post_failure,B7,0.6216904521417405,0.6191779847047483,0.6242029195787326,0.8358399999999999,0.25914027795134914,0.6311177308309307,0.0051603341259052376,4.0,9.063693333333333,15
0.2,correlated_org|0.5|none|0.0|0|post_failure,B7,0.6585452005072793,0.6561030569071586,0.6609873441073999,0.847,0.3501659199368551,0.6184786860323576,0.004151595982135906,4.0,10.12692,15
0.4,correlated_org|0.5|none|0.0|0|post_failure,B7,0.7128175257940134,0.7097507074534698,0.7158843441345569,0.8652099999999999,0.4796667406750161,0.5723367767918532,0.003600306379210783,4.0,12.255153333333334,15
0.6,correlated_org|0.5|none|0.0|0|post_failure,B7,0.7648125318617505,0.7622722610662096,0.7673528026572913,0.8838566666666666,0.5930835323689545,0.49159007423588197,0.0031353119605915165,4.0,14.515566666666667,15
1.0,correlated_org|0.5|none|0.0|0|post_failure,B7,0.8498512854592072,0.8479708284458753,0.851731742472539,0.9139033333333333,0.7798097270832884,0.2759861075662824,0.002534100427752495,4.0,19.356193333333334,15
2.0,correlated_org|0.5|none|0.0|0|post_failure,B7,0.8965370076406397,0.8947769814009576,0.8982970338803218,0.93022,0.8820821712728262,0.14052937061050075,0.001744789748043868,4.0,26.398593333333334,15
0.05,random|0.3|node_coordinated|0.2|0|post_failure,B7,0.5231887856531093,0.5204934374308157,0.525884133875403,0.75329,0.16518687895831746,0.5546920801165208,0.010362019090809214,4.0,8.53144,15
0.1,random|0.3|node_coordinated|0.2|0|post_failure,B7,0.5342377527975828,0.5319583118922818,0.5365171937028838,0.7531566666666666,0.20353084961553888,0.5541035283777265,0.00993704876668025,4.0,9.063693333333333,15
0.2,random|0.3|node_coordinated|0.2|0|post_failure,B7,0.5519722103326683,0.548882232915786,0.5550621877495506,0.7517633333333331,0.26943041585528427,0.5554254017369136,0.009984477563888755,4.0,10.12692,15
0.4,random|0.3|node_coordinated|0.2|0|post_failure,B7,0.5748760598396844,0.5706566429416633,0.5790954767377055,0.7453800000000002,0.36224783691841644,0.565431694997226,0.009496627839497652,4.0,12.255153333333334,15
0.6,random|0.3|node_coordinated|0.2|0|post_failure,B7,0.5927006349608323,0.5877147111407093,0.5976865587809552,0.7355266666666667,0.4443992929343413,0.5745497589491019,0.008805047470047848,4.0,14.515566666666667,15
1.0,random|0.3|node_coordinated|0.2|0|post_failure,B7,0.6075642112389766,0.6012463233659755,0.6138820991119778,0.7051066666666668,0.5702481377992795,0.6070500778389679,0.010480496925855372,4.0,19.356193333333334,15
2.0,random|0.3|node_coordinated|0.2|0|post_failure,B7,0.615613028958118,0.6109228823820083,0.6203031755342276,0.6871166666666666,0.6402339965186338,0.6192111291951335,0.007620918570715526,4.0,26.398593333333334,15
0.05,random|0.3|root|0.2|0|post_failure,B7,0.4996834660512659,0.49659474785741087,0.5027721842451209,0.7236600000000001,0.17226452890149682,0.8259217745444367,0.010090325303744405,4.0,8.53144,15
0.1,random|0.3|root|0.2|0|post_failure,B7,0.517460091904423,0.5144531297201725,0.5204670540886734,0.72876,0.2153198546961618,0.8243391354824479,0.009991543619652462,4.0,9.063693333333333,15
0.2,random|0.3|root|0.2|0|post_failure,B7,0.5493452618871486,0.5461181334061779,0.5525723903681193,0.7383200000000001,0.293488743688105,0.820602141233316,0.010534089470763256,4.0,10.12692,15
0.4,random|0.3|root|0.2|0|post_failure,B7,0.5978388739154652,0.5944701686028211,0.6012075792281093,0.7544500000000002,0.4111753549200539,0.8095518659577638,0.011013257137134053,4.0,12.255153333333334,15
0.6,random|0.3|root|0.2|0|post_failure,B7,0.6409827531902957,0.6380164361639777,0.6439490702166137,0.7707933333333333,0.5099240701487123,0.7937590686199087,0.009439883432440644,4.0,14.515566666666667,15
1.0,random|0.3|root|0.2|0|post_failure,B7,0.7160742569667077,0.7135463692274482,0.7186021447059672,0.7979400000000001,0.6883886701107758,0.7642484499212051,0.007041329497558258,4.0,19.356193333333334,15
2.0,random|0.3|root|0.2|0|post_failure,B7,0.7565859662403454,0.7544650525496001,0.7587068799310906,0.8141266666666667,0.77853340202672,0.7464011265425247,0.006933430863192429,4.0,26.398593333333334,15
0.05,random|0.5|none|0.0|0|post_failure,B7,0.6019105545473604,0.6000422819714124,0.6037788271233084,0.8297800000000001,0.20751451395164947,0.6350777447281898,0.00635470264153123,4.0,8.53144,15
0.1,random|0.5|none|0.0|0|post_failure,B7,0.6231260025471933,0.6210326003286337,0.6252194047657529,0.8358899999999999,0.2591125016591626,0.6311204412776239,0.0059040246219583675,4.0,9.063693333333333,15
0.2,random|0.5|none|0.0|0|post_failure,B7,0.6602544076351845,0.6580720458565663,0.6624367694138027,0.84698,0.3497720269903344,0.6186063433105926,0.004579858574787258,4.0,10.12692,15
0.4,random|0.5|none|0.0|0|post_failure,B7,0.7145470687098452,0.7112807972077206,0.7178133402119697,0.86455,0.4780951350694922,0.5743145212875412,0.003971265862733187,4.0,12.255153333333334,15
0.6,random|0.5|none|0.0|0|post_failure,B7,0.7637745881076943,0.7617306892242162,0.7658184869911724,0.8819533333333335,0.5896377074865466,0.48441732098757817,0.0032262843804878997,4.0,14.515566666666667,15
1.0,random|0.5|none|0.0|0|post_failure,B7,0.8483181600622088,0.8454397857661602,0.8511965343582575,0.9124233333333333,0.7782468774302991,0.2803114603920405,0.002525218576005197,4.0,19.356193333333334,15
2.0,random|0.5|none|0.0|0|post_failure,B7,0.8955321761625068,0.8941490955874345,0.8969152567375791,0.9291999999999999,0.8806818371108751,0.1395939797113285,0.0013674228294062697,4.0,26.398593333333334,15
0.05,targeted_whitebox|0.5|none|0.0|0|post_failure,B7,0.47173301086628444,0.469197961334573,0.4742680603979959,0.6851166666666665,0.1688125978201637,0.5014511636663573,0.005696053318390893,4.0,8.53144,15
0.1,targeted_whitebox|0.5|none|0.0|0|post_failure,B7,0.48770573789844057,0.4853738587133023,0.49003761708357885,0.6898533333333334,0.208799293772542,0.49939539094766516,0.00582055837900607,4.0,9.063693333333333,15
0.2,targeted_whitebox|0.5|none|0.0|0|post_failure,B7,0.5159202288559295,0.513110305165844,0.518730152546015,0.69854,0.28001822754202205,0.49064748904593336,0.004049851984211833,4.0,10.12692,15
0.4,targeted_whitebox|0.5|none|0.0|0|post_failure,B7,0.5572136846708745,0.5548203330310585,0.5596070363106905,0.7121966666666667,0.38367807368624657,0.4616579773512311,0.005881843122710256,4.0,12.255153333333334,15
0.6,targeted_whitebox|0.5|none|0.0|0|post_failure,B7,0.5944009132415071,0.592180978584973,0.5966208478980413,0.72609,0.46884984526386914,0.3976911909527656,0.0038795449120284115,4.0,14.515566666666667,15
1.0,targeted_whitebox|0.5|none|0.0|0|post_failure,B7,0.666801471806771,0.6648537434060041,0.6687492002075378,0.7531,0.6401414938443915,0.20945142576317333,0.003200439551121939,4.0,19.356193333333334,15
2.0,targeted_whitebox|0.5|none|0.0|0|post_failure,B7,0.7033487676082738,0.7010575420532499,0.7056399931632977,0.7673200000000002,0.7219209491208001,0.10249295422289793,0.0017646583969528355,4.0,26.398593333333334,15
