condition,system,placement,aggregation,knowledge_survival,ks_ci_low,ks_ci_high,accuracy_macro,iss,contradiction_f1,ece_recalibrated,storage_per_claim,n_seeds
correlated_org|0.5|none|0.0|0|post_failure,B2,broad,count,0.8775200000000001,0.8759437780720266,0.8790962219279735,0.6069454892635483,0.9999954462051391,0.9011963625615984,0.006225035322783996,194.0360533333333,15
correlated_org|0.5|none|0.0|0|post_failure,B2L,broad,lineage,0.8762000000000001,0.8748317000532689,0.8775682999467312,0.605122933183544,0.9999971588452657,0.8997047894497295,0.005982356795844184,194.0360533333333,15
correlated_org|0.5|none|0.0|0|post_failure,B3,random,count,0.8210266666666667,0.8201920568940181,0.8218612764393153,0.5626755413368676,0.6220267097155253,0.45794556065792147,0.0041716125142204205,4.0,15
correlated_org|0.5|none|0.0|0|post_failure,B3L,random,lineage,0.82086,0.8195192652662616,0.8222007347337384,0.562186752148462,0.6229354699452718,0.46111841152174915,0.005213092929043586,4.0,15
correlated_org|0.5|none|0.0|0|post_failure,B5,support-count,count,0.8203,0.8187016901474276,0.8218983098525725,0.5515277965359631,0.5302446722984314,0.0,0.0031949068837506074,4.0,15
correlated_org|0.5|none|0.0|0|post_failure,B6,lineage,lineage,0.8230966666666666,0.8213189051063746,0.8248744282269586,0.5760815228311722,0.6875668327013652,0.640266232098795,0.006324736817247978,4.0,15
correlated_org|0.5|none|0.0|0|post_failure,B6C,lineage,count,0.8230033333333334,0.8217708264857755,0.8242358401808914,0.5758136979826944,0.6874663511912028,0.6395417482063973,0.006759207606244937,4.0,15
random|0.3|node_coordinated|0.05|0|post_failure,B2,broad,count,0.8767433333333333,0.8754277226297581,0.8780589440369085,0.6050871846323552,1.0,0.4785246097911505,0.007417941087096961,194.0360533333333,15
random|0.3|node_coordinated|0.05|0|post_failure,B2L,broad,lineage,0.8742966666666667,0.872967736562295,0.8756255967710385,0.6028136357380336,1.0,0.47642570599797535,0.0067688050423108884,194.0360533333333,15
random|0.3|node_coordinated|0.05|0|post_failure,B3,random,count,0.8509866666666667,0.8495402141364741,0.8524331191968593,0.5876976224208441,0.7060501575469971,0.33381797346771014,0.006964446521819269,4.0,15
random|0.3|node_coordinated|0.05|0|post_failure,B3L,random,lineage,0.8497566666666666,0.8483453823322297,0.8511679510011035,0.5856754808024444,0.7059576710065206,0.3334487918718022,0.005736138743621709,4.0,15
random|0.3|node_coordinated|0.05|0|post_failure,B5,support-count,count,0.8504233333333334,0.8487400200555869,0.8521066466110799,0.5780861659082503,0.5612868189811706,0.1874995697364181,0.005025976960765566,4.0,15
random|0.3|node_coordinated|0.05|0|post_failure,B6,lineage,lineage,0.8502733333333334,0.8486901064998529,0.851856560166814,0.5977100229560325,0.8098200639088948,0.40543343972323814,0.007121503439858153,4.0,15
random|0.3|node_coordinated|0.05|0|post_failure,B6C,lineage,count,0.85058,0.8489137905390013,0.8522462094609987,0.5984903784104806,0.809900180498759,0.405712540244679,0.007496951455148712,4.0,15
random|0.3|node_coordinated|0.2|0|post_failure,B2,broad,count,0.8491066666666666,0.8468913460261406,0.8513219873071926,0.5792592823802345,1.0,0.7218590049141159,0.006788627028678104,194.0360533333333,15
random|0.3|node_coordinated|0.2|0|post_failure,B2L,broad,lineage,0.8280266666666666,0.825635861243369,0.8304174720899642,0.558985068740362,1.0,0.7221763303190317,0.007531881693209178,194.0360533333333,15
random|0.3|node_coordinated|0.2|0|post_failure,B3,random,count,0.75243,0.7493271850586881,0.755532814941312,0.499793919717396,0.706067955493927,0.5399097222648485,0.008985869115500193,4.0,15
random|0.3|node_coordinated|0.2|0|post_failure,B3L,random,lineage,0.7504899999999999,0.7481205849870253,0.7528594150129745,0.49837341967468024,0.7059026757876078,0.5351100732187264,0.007423330319745023,4.0,15
random|0.3|node_coordinated|0.2|0|post_failure,B5,support-count,count,0.75469,0.7520778344644877,0.7573021655355122,0.4945137523110704,0.5615015427271525,0.5040001970670789,0.009577906629911436,4.0,15
random|0.3|node_coordinated|0.2|0|post_failure,B6,lineage,lineage,0.7523466666666665,0.7490786606249228,0.7556146727084102,0.5097732621679713,0.8100167473157247,0.5560980740055423,0.00861038083846693,4.0,15
random|0.3|node_coordinated|0.2|0|post_failure,B6C,lineage,count,0.7528966666666668,0.7505227889715906,0.7552705443617429,0.5100713207251018,0.8106584628423055,0.5550879636751621,0.009647944479127982,4.0,15
random|0.3|root|0.05|0|post_failure,B2,broad,count,0.84078,0.8394980824494624,0.8420619175505375,0.5711911333176442,1.0,0.8792580124992404,0.006316401193069418,194.0360533333333,15
random|0.3|root|0.05|0|post_failure,B2L,broad,lineage,0.84479,0.8434275076816417,0.8461524923183584,0.5741459621789915,1.0,0.8803516876605932,0.006657358944088069,194.0360533333333,15
random|0.3|root|0.05|0|post_failure,B3,random,count,0.8290133333333334,0.8275816077329381,0.8304450589337287,0.5676344507058062,0.7059707482655843,0.6089945160660585,0.005657823208647866,4.0,15
random|0.3|root|0.05|0|post_failure,B3L,random,lineage,0.8292166666666668,0.8278199389873939,0.8306133943459397,0.5666004466322898,0.7060181379318238,0.606443758357908,0.007530847221803363,4.0,15
random|0.3|root|0.05|0|post_failure,B5,support-count,count,0.82569,0.8239279649455088,0.8274520350544913,0.555903753303971,0.5614731113115946,0.0,0.0039005549075328706,4.0,15
random|0.3|root|0.05|0|post_failure,B6,lineage,lineage,0.8355533333333333,0.8340721630371095,0.837034503629557,0.5830347985554343,0.810229750474294,0.8109722087540461,0.007216102006689148,4.0,15
random|0.3|root|0.05|0|post_failure,B6C,lineage,count,0.8346733333333332,0.8332533064162843,0.8360933602503821,0.582841369735044,0.810295295715332,0.8092317768755828,0.0084516581562438,4.0,15
random|0.3|root|0.2|0|post_failure,B2,broad,count,0.7197933333333334,0.7178576462547175,0.7217290204119493,0.4651409117085157,1.0,0.8939305646491084,0.009344418552854245,194.0360533333333,15
random|0.3|root|0.2|0|post_failure,B2L,broad,lineage,0.7293066666666668,0.727575114952931,0.7310382183804025,0.47057984095459077,1.0,0.8933947199738071,0.008855669615619826,194.0360533333333,15
random|0.3|root|0.2|0|post_failure,B3,random,count,0.7030133333333332,0.7008812110414359,0.7051454556252305,0.45823520280013746,0.7059718847274781,0.6276397297032829,0.007207802923618095,4.0,15
random|0.3|root|0.2|0|post_failure,B3L,random,lineage,0.7030300000000002,0.7009168317500676,0.7051431682499327,0.458362370791439,0.7053748329480489,0.6268039698922178,0.008211893295363464,4.0,15
random|0.3|root|0.2|0|post_failure,B5,support-count,count,0.6950466666666667,0.6931335003769933,0.6969598329563401,0.4457859529052312,0.5614944736162821,0.0,0.008211132780445125,4.0,15
random|0.3|root|0.2|0|post_failure,B6,lineage,lineage,0.7175233333333332,0.7155565492202421,0.7194901174464242,0.4768134725986705,0.8108645876248678,0.827805613955604,0.008759153826351656,4.0,15
random|0.3|root|0.2|0|post_failure,B6C,lineage,count,0.7158166666666667,0.7136793315882138,0.7179540017451195,0.47556566791514315,0.810102117061615,0.8256907420198587,0.009654399226606443,4.0,15
random|0.5|none|0.0|0|post_failure,B2,broad,count,0.8772600000000002,0.8759778090721312,0.8785421909278691,0.6060420241092916,0.9999904155731201,0.9026649916691523,0.005922394845980855,194.0360533333333,15
random|0.5|none|0.0|0|post_failure,B2L,broad,lineage,0.8761366666666667,0.8747717140533193,0.877501619280014,0.6047725992319831,0.9999922553698222,0.8990104511830458,0.006582919573597389,194.0360533333333,15
random|0.5|none|0.0|0|post_failure,B3,random,count,0.8216833333333334,0.8202554301652558,0.823111236501411,0.5633322237971242,0.6229475498199463,0.4564412682571348,0.006589960543768287,4.0,15
random|0.5|none|0.0|0|post_failure,B3L,random,lineage,0.8219933333333334,0.820689345919039,0.8232973207476277,0.5631951640688359,0.6234102725982666,0.4595780010896366,0.006636931324395642,4.0,15
random|0.5|none|0.0|0|post_failure,B5,support-count,count,0.82075,0.8191037219439937,0.8223962780560062,0.552051005885774,0.5307680646578471,0.0,0.0041824983827494595,4.0,15
random|0.5|none|0.0|0|post_failure,B6,lineage,lineage,0.8217233333333335,0.8201781627990445,0.8232685038676224,0.5749627139683606,0.686733603477478,0.6409446071009085,0.005891959259159474,4.0,15
random|0.5|none|0.0|0|post_failure,B6C,lineage,count,0.82259,0.8213142746827695,0.8238657253172306,0.5759726999376295,0.687102198600769,0.6379450526625514,0.007129874810948339,4.0,15
targeted_whitebox|0.5|none|0.0|0|post_failure,B2,broad,count,0.8710633333333335,0.8697028011838763,0.8724238654827907,0.5974769148534574,0.9929742177327474,0.8962416260504168,0.006191151875970131,194.0360533333333,15
targeted_whitebox|0.5|none|0.0|0|post_failure,B2L,broad,lineage,0.8703166666666668,0.8689845179554105,0.8716488153779232,0.5976627839549119,0.9930406093597413,0.896200318000035,0.007149444325658167,194.0360533333333,15
targeted_whitebox|0.5|none|0.0|0|post_failure,B3,random,count,0.6791533333333334,0.6775743459452962,0.6807323207213706,0.44212502272297094,0.5041407962640126,0.35117138268655534,0.006288795828873497,4.0,15
targeted_whitebox|0.5|none|0.0|0|post_failure,B3L,random,lineage,0.6794,0.6779834043637444,0.6808165956362556,0.4421179593441677,0.5037291129430135,0.34712623760292355,0.005841167694294712,4.0,15
targeted_whitebox|0.5|none|0.0|0|post_failure,B5,support-count,count,0.6769466666666666,0.6759763366818825,0.6779169966514507,0.43033796802741175,0.43694382111231483,0.0,0.00517311758558275,4.0,15
targeted_whitebox|0.5|none|0.0|0|post_failure,B6,lineage,lineage,0.6788500000000002,0.6773693646755181,0.6803306353244822,0.4518455578193294,0.5500710725784301,0.5086805480652908,0.007492714632823407,4.0,15
targeted_whitebox|0.5|none|0.0|0|post_failure,B6C,lineage,count,0.6788433333333332,0.6774669778273074,0.6802196888393591,0.45084116421209913,0.5493446032206217,0.5094641706406969,0.008616972307682236,4.0,15
