experiment_name,evidence_class,agent_scale,seed,strategy,runtime_sec,accuracy,false_confident_consensus_rate,questions_per_claim,independent_roots_per_question,conflict_detection_rate,resolved_gap_rate,final_independent_roots,total_questions,total_new_roots,n_claims
continual_discovery_synthetic,synthetic_simulation,100,0,none,0.07483271799999613,0.812,0.03,0.0,0.0,0.6955205811138014,0.0,3.208,0,0,2000
continual_discovery_synthetic,synthetic_simulation,100,0,random,0.19253942499999255,0.837,0.0225,3.0,0.2305,0.788135593220339,0.09556313993174062,3.8995,6000,1383,2000
continual_discovery_synthetic,synthetic_simulation,100,0,uncertainty,0.12129715999999746,0.8345,0.0315,1.1525,0.23036876355748373,0.6912832929782082,0.006825938566552901,3.4735,2305,531,2000
continual_discovery_synthetic,synthetic_simulation,100,0,lineage,0.09093214800000737,0.831,0.017,0.241,0.9315352697095436,0.7469733656174334,0.0,3.4325,482,449,2000
continual_discovery_synthetic,synthetic_simulation,100,0,continual,0.18720838900000558,0.8805,0.02,1.9015,0.8382855640283986,0.7463680387409201,0.26023890784982934,4.802,3803,3188,2000
continual_discovery_synthetic,synthetic_simulation,100,1,none,0.07477596500000061,0.812,0.027,0.0,0.0,0.6967071057192374,0.0,3.282,0,0,2000
continual_discovery_synthetic,synthetic_simulation,100,1,random,0.1925330090000017,0.8275,0.017,3.0,0.22833333333333333,0.7833622183708839,0.09833333333333333,3.967,6000,1370,2000
continual_discovery_synthetic,synthetic_simulation,100,1,uncertainty,0.12487141900000154,0.8325,0.0275,1.17,0.23034188034188033,0.6949740034662045,0.005,3.5515,2340,539,2000
continual_discovery_synthetic,synthetic_simulation,100,1,lineage,0.09046996200000024,0.825,0.0145,0.2155,0.9396751740139211,0.7411900635470826,0.0,3.4845,431,405,2000
continual_discovery_synthetic,synthetic_simulation,100,1,continual,0.19138898199999232,0.8655,0.018,1.943,0.847143592382913,0.7423454650491046,0.25,4.928,3886,3292,2000
continual_discovery_synthetic,synthetic_simulation,100,2,none,0.0750322659999938,0.815,0.0315,0.0,0.0,0.7035928143712575,0.0,3.223,0,0,2000
continual_discovery_synthetic,synthetic_simulation,100,2,random,0.19218577000000892,0.8275,0.0185,3.0,0.22283333333333333,0.7982035928143713,0.10273405136702568,3.8915,6000,1337,2000
continual_discovery_synthetic,synthetic_simulation,100,2,uncertainty,0.12409691199999884,0.833,0.032,1.1615,0.23547137322427894,0.7005988023952096,0.012427506213753107,3.4965,2323,547,2000
continual_discovery_synthetic,synthetic_simulation,100,2,lineage,0.09162573599999746,0.8325,0.0175,0.2535,0.9151873767258383,0.7628742514970059,0.0008285004142502071,3.455,507,464,2000
continual_discovery_synthetic,synthetic_simulation,100,2,continual,0.19450002399999278,0.8775,0.0275,1.9425,0.8296010296010295,0.7550898203592814,0.2676056338028169,4.8345,3885,3223,2000
continual_discovery_synthetic,synthetic_simulation,100,3,none,0.07513154100000463,0.798,0.0335,0.0,0.0,0.6956521739130435,0.0,3.2235,0,0,2000
continual_discovery_synthetic,synthetic_simulation,100,3,random,0.19510747199998946,0.815,0.0145,3.0,0.22766666666666666,0.7931844888366627,0.09583333333333334,3.9065,6000,1366,2000
continual_discovery_synthetic,synthetic_simulation,100,3,uncertainty,0.12510022999998682,0.818,0.0335,1.1475,0.24705882352941178,0.6950646298472385,0.004166666666666667,3.507,2295,567,2000
continual_discovery_synthetic,synthetic_simulation,100,3,lineage,0.09170834100000036,0.815,0.0175,0.247,0.9129554655870445,0.7491186839012925,0.0,3.449,494,451,2000
continual_discovery_synthetic,synthetic_simulation,100,3,continual,0.19400918499999875,0.858,0.02,1.9485,0.842442904798563,0.7526439482961222,0.2575,4.865,3897,3283,2000
continual_discovery_synthetic,synthetic_simulation,100,4,none,0.07541019200000676,0.792,0.0305,0.0,0.0,0.6936245572609209,0.0,3.195,0,0,2000
continual_discovery_synthetic,synthetic_simulation,100,4,random,0.19526391300000512,0.82,0.0195,3.0,0.23033333333333333,0.793978748524203,0.08666666666666667,3.886,6000,1382,2000
continual_discovery_synthetic,synthetic_simulation,100,4,uncertainty,0.12750154399999758,0.8245,0.0305,1.1915,0.2282836760386068,0.692443919716647,0.005,3.467,2383,544,2000
continual_discovery_synthetic,synthetic_simulation,100,4,lineage,0.09351496200000042,0.82,0.0175,0.256,0.94921875,0.7467532467532467,0.0,3.438,512,486,2000
continual_discovery_synthetic,synthetic_simulation,100,4,continual,0.1945679560000002,0.8735,0.023,1.966,0.832909460834181,0.756198347107438,0.25,4.8325,3932,3275,2000
continual_discovery_synthetic,synthetic_simulation,100,5,none,0.07485652999999104,0.8035,0.0215,0.0,0.0,0.6929411764705883,0.0,3.237,0,0,2000
continual_discovery_synthetic,synthetic_simulation,100,5,random,0.19222149099999797,0.8235,0.018,3.0,0.22583333333333333,0.7864705882352941,0.091458153580673,3.9145,6000,1355,2000
continual_discovery_synthetic,synthetic_simulation,100,5,uncertainty,0.12360919699999329,0.819,0.023,1.1715,0.22449850618864703,0.6888235294117647,0.007765314926660914,3.5,2343,526,2000
continual_discovery_synthetic,synthetic_simulation,100,5,lineage,0.09341160000001025,0.8175,0.0125,0.2425,0.9134020618556701,0.7458823529411764,0.0,3.4585,485,443,2000
continual_discovery_synthetic,synthetic_simulation,100,5,continual,0.19036215299999526,0.8745,0.0165,1.92,0.8338541666666667,0.7423529411764705,0.24849007765314926,4.838,3840,3202,2000
continual_discovery_synthetic,synthetic_simulation,100,6,none,0.07543914699999732,0.7995,0.035,0.0,0.0,0.6915776986951364,0.0,3.236,0,0,2000
continual_discovery_synthetic,synthetic_simulation,100,6,random,0.19225612200000342,0.823,0.0215,3.0,0.2205,0.7835112692763938,0.0829103214890017,3.8975,6000,1323,2000
continual_discovery_synthetic,synthetic_simulation,100,6,uncertainty,0.12386545300000762,0.8245,0.035,1.14,0.23201754385964912,0.6903914590747331,0.004230118443316413,3.5005,2280,529,2000
continual_discovery_synthetic,synthetic_simulation,100,6,lineage,0.09146310300000948,0.815,0.02,0.2385,0.9517819706498952,0.7479240806642942,0.0,3.463,477,454,2000
continual_discovery_synthetic,synthetic_simulation,100,6,continual,0.19089706399999784,0.8695,0.0245,1.9,0.8357894736842105,0.7419928825622776,0.2428087986463621,4.824,3800,3176,2000
continual_discovery_synthetic,synthetic_simulation,100,7,none,0.07537751099999923,0.8065,0.03,0.0,0.0,0.7027827116637063,0.0,3.237,0,0,2000
continual_discovery_synthetic,synthetic_simulation,100,7,random,0.19582622499999047,0.835,0.0135,3.0,0.23083333333333333,0.7998815867377146,0.10714285714285714,3.9295,6000,1385,2000
continual_discovery_synthetic,synthetic_simulation,100,7,uncertainty,0.12510622599999977,0.827,0.03,1.173,0.2399829497016198,0.7010065127294257,0.006644518272425249,3.5185,2346,563,2000
continual_discovery_synthetic,synthetic_simulation,100,7,lineage,0.09182408499999895,0.822,0.0155,0.243,0.8950617283950617,0.7613972764949675,0.0008305647840531562,3.4545,486,435,2000
continual_discovery_synthetic,synthetic_simulation,100,7,continual,0.19391419299999768,0.876,0.0205,1.96,0.8301020408163265,0.7608052101835405,0.26993355481727577,4.864,3920,3254,2000
continual_discovery_synthetic,synthetic_simulation,100,8,none,0.07718404800000656,0.8025,0.03,0.0,0.0,0.6945582211819777,0.0,3.2045,0,0,2000
continual_discovery_synthetic,synthetic_simulation,100,8,random,0.1936675809999997,0.824,0.0205,3.0,0.232,0.7911059098888239,0.1086048454469507,3.9005,6000,1392,2000
continual_discovery_synthetic,synthetic_simulation,100,8,uncertainty,0.12611981400000616,0.825,0.031,1.205,0.22448132780082988,0.6910473961380924,0.005847953216374269,3.475,2410,541,2000
continual_discovery_synthetic,synthetic_simulation,100,8,lineage,0.09318964700000265,0.8225,0.0205,0.2535,0.9230769230769231,0.7466354593329433,0.0,3.4385,507,468,2000
continual_discovery_synthetic,synthetic_simulation,100,8,continual,0.19309048799999573,0.8685,0.0225,1.9495,0.8435496281097717,0.7437097717963721,0.24644945697577275,4.849,3899,3289,2000
continual_discovery_synthetic,synthetic_simulation,100,9,none,0.07664890899999932,0.812,0.0265,0.0,0.0,0.6874632136550912,0.0,3.2365,0,0,2000
continual_discovery_synthetic,synthetic_simulation,100,9,random,0.1929274099999958,0.824,0.0135,3.0,0.22133333333333333,0.7804590935844614,0.09600679694137638,3.9005,6000,1328,2000
continual_discovery_synthetic,synthetic_simulation,100,9,uncertainty,0.12282349400000214,0.825,0.0265,1.1575,0.22289416846652269,0.6851088875809299,0.006796941376380629,3.4945,2315,516,2000
continual_discovery_synthetic,synthetic_simulation,100,9,lineage,0.09373710899998855,0.8315,0.0115,0.233,0.944206008583691,0.7433784579164214,0.0,3.4565,466,440,2000
continual_discovery_synthetic,synthetic_simulation,100,9,continual,0.1913248960000118,0.881,0.017,1.916,0.8387265135699373,0.7410241318422601,0.24893797790994052,4.8435,3832,3214,2000
continual_discovery_synthetic,synthetic_simulation,1000,0,none,0.07487008299999331,0.7985,0.029,0.0,0.0,0.7020648967551623,0.0,3.224,0,0,2000
continual_discovery_synthetic,synthetic_simulation,1000,0,random,0.19320391600000164,0.823,0.0205,3.0,0.229,0.7882005899705015,0.11560693641618497,3.911,6000,1374,2000
continual_discovery_synthetic,synthetic_simulation,1000,0,uncertainty,0.12462688499999786,0.8205,0.03,1.1735,0.23647209203238176,0.6997050147492625,0.007431874483897605,3.5015,2347,555,2000
continual_discovery_synthetic,synthetic_simulation,1000,0,lineage,0.09209718200000339,0.8215,0.016,0.2465,0.9330628803245437,0.7510324483775811,0.0,3.454,493,460,2000
continual_discovery_synthetic,synthetic_simulation,1000,0,continual,0.19371586500000149,0.8825,0.0205,1.966,0.8379959308240081,0.7480825958702065,0.27332782824112306,4.8715,3932,3295,2000
continual_discovery_synthetic,synthetic_simulation,1000,1,none,0.07627978099999666,0.8045,0.0295,0.0,0.0,0.6946428571428571,0.0,3.223,0,0,2000
continual_discovery_synthetic,synthetic_simulation,1000,1,random,0.19254562499999395,0.8245,0.016,3.0,0.225,0.7928571428571428,0.09682947729220223,3.898,6000,1350,2000
continual_discovery_synthetic,synthetic_simulation,1000,1,uncertainty,0.12256998800000929,0.8245,0.0295,1.1405,0.23103901797457255,0.6916666666666667,0.010282776349614395,3.4865,2281,527,2000
continual_discovery_synthetic,synthetic_simulation,1000,1,lineage,0.0942096389999989,0.8245,0.016,0.2585,0.9013539651837524,0.7458333333333333,0.0,3.456,517,466,2000
continual_discovery_synthetic,synthetic_simulation,1000,1,continual,0.19114486799999497,0.8755,0.0225,1.911,0.8409209837781266,0.7458333333333333,0.2527849185946872,4.83,3822,3214,2000
continual_discovery_synthetic,synthetic_simulation,1000,2,none,0.07515901900001154,0.805,0.027,0.0,0.0,0.6985645933014354,0.0,3.24,0,0,2000
continual_discovery_synthetic,synthetic_simulation,1000,2,random,0.19403743300000542,0.831,0.0175,3.0,0.2255,0.8074162679425837,0.09957081545064378,3.9165,6000,1353,2000
continual_discovery_synthetic,synthetic_simulation,1000,2,uncertainty,0.12196065999999917,0.831,0.028,1.121,0.23371989295272078,0.6967703349282297,0.006008583690987125,3.502,2242,524,2000
continual_discovery_synthetic,synthetic_simulation,1000,2,lineage,0.09160899099998687,0.8245,0.0135,0.2385,0.949685534591195,0.7583732057416268,0.0,3.4665,477,453,2000
continual_discovery_synthetic,synthetic_simulation,1000,2,continual,0.19156151299999635,0.872,0.0195,1.9075,0.8414154652686763,0.7523923444976076,0.271244635193133,4.845,3815,3210,2000
continual_discovery_synthetic,synthetic_simulation,1000,3,none,0.07618961299999683,0.809,0.033,0.0,0.0,0.6910377358490566,0.0,3.2205,0,0,2000
continual_discovery_synthetic,synthetic_simulation,1000,3,random,0.19398896199999172,0.8275,0.0165,3.0,0.23033333333333333,0.7977594339622641,0.09957446808510638,3.9115,6000,1382,2000
continual_discovery_synthetic,synthetic_simulation,1000,3,uncertainty,0.12799800199999822,0.8265,0.033,1.152,0.2230902777777778,0.6898584905660378,0.005106382978723404,3.4775,2304,514,2000
continual_discovery_synthetic,synthetic_simulation,1000,3,lineage,0.09255296899999621,0.83,0.0145,0.2535,0.9191321499013807,0.7517688679245284,0.0,3.4535,507,466,2000
continual_discovery_synthetic,synthetic_simulation,1000,3,continual,0.1946890279999991,0.871,0.018,1.916,0.843945720250522,0.7476415094339622,0.251063829787234,4.8375,3832,3234,2000
continual_discovery_synthetic,synthetic_simulation,1000,4,none,0.07630059300001335,0.7925,0.0245,0.0,0.0,0.7137767220902613,0.0,3.243,0,0,2000
continual_discovery_synthetic,synthetic_simulation,1000,4,random,0.1920952199999988,0.819,0.0175,3.0,0.22866666666666666,0.7992874109263658,0.10442773600668337,3.929,6000,1372,2000
continual_discovery_synthetic,synthetic_simulation,1000,4,uncertainty,0.12479251999999974,0.816,0.0245,1.176,0.23809523809523808,0.7125890736342043,0.003341687552213868,3.523,2352,560,2000
continual_discovery_synthetic,synthetic_simulation,1000,4,lineage,0.0928333600000002,0.808,0.0145,0.2325,0.9311827956989247,0.7606888361045131,0.0,3.4595,465,433,2000
continual_discovery_synthetic,synthetic_simulation,1000,4,continual,0.193534077999999,0.8595,0.02,1.9545,0.8332054233819391,0.7642517814726841,0.24561403508771928,4.8715,3909,3257,2000
continual_discovery_synthetic,synthetic_simulation,1000,5,none,0.07514829699999837,0.809,0.0255,0.0,0.0,0.6882106523040096,0.0,3.211,0,0,2000
continual_discovery_synthetic,synthetic_simulation,1000,5,random,0.19282310200000552,0.823,0.0145,3.0,0.23233333333333334,0.77737881508079,0.09527896995708154,3.908,6000,1394,2000
continual_discovery_synthetic,synthetic_simulation,1000,5,uncertainty,0.12468057700000656,0.8295,0.0255,1.152,0.23697916666666666,0.687013764213046,0.0068669527896995704,3.484,2304,546,2000
continual_discovery_synthetic,synthetic_simulation,1000,5,lineage,0.09341072099999792,0.832,0.015,0.2395,0.9102296450939458,0.7420706163973668,0.0,3.429,479,436,2000
continual_discovery_synthetic,synthetic_simulation,1000,5,continual,0.18951305900000648,0.8665,0.015,1.888,0.845603813559322,0.7378815080789947,0.28669527896995706,4.8075,3776,3193,2000
continual_discovery_synthetic,synthetic_simulation,1000,6,none,0.07569046199999718,0.8055,0.03,0.0,0.0,0.7077012835472579,0.0,3.252,0,0,2000
continual_discovery_synthetic,synthetic_simulation,1000,6,random,0.19384994799999333,0.821,0.0215,3.0,0.23783333333333334,0.8039673278879813,0.10857142857142857,3.9655,6000,1427,2000
continual_discovery_synthetic,synthetic_simulation,1000,6,uncertainty,0.12615895199999727,0.8255,0.031,1.1805,0.23591698432867428,0.7042007001166861,0.006530612244897959,3.5305,2361,557,2000
continual_discovery_synthetic,synthetic_simulation,1000,6,lineage,0.09187576300000444,0.8145,0.0165,0.2435,0.9117043121149897,0.7561260210035006,0.0008163265306122449,3.474,487,444,2000
continual_discovery_synthetic,synthetic_simulation,1000,6,continual,0.19366666999999893,0.8675,0.022,1.987,0.8588324106693508,0.7683780630105017,0.27346938775510204,4.9585,3974,3413,2000
continual_discovery_synthetic,synthetic_simulation,1000,7,none,0.07497862099999963,0.795,0.0345,0.0,0.0,0.6958823529411765,0.0,3.219,0,0,2000
continual_discovery_synthetic,synthetic_simulation,1000,7,random,0.19209832699999652,0.8285,0.0205,3.0,0.22683333333333333,0.7970588235294118,0.09900990099009901,3.8995,6000,1361,2000
continual_discovery_synthetic,synthetic_simulation,1000,7,uncertainty,0.12402706900000737,0.822,0.035,1.184,0.23564189189189189,0.6923529411764706,0.00825082508250825,3.498,2368,558,2000
continual_discovery_synthetic,synthetic_simulation,1000,7,lineage,0.0933561930000053,0.805,0.0175,0.2565,0.9161793372319688,0.7570588235294118,0.0,3.454,513,470,2000
continual_discovery_synthetic,synthetic_simulation,1000,7,continual,0.1984298599999903,0.87,0.021,1.9625,0.8295541401273885,0.7535294117647059,0.25,4.847,3925,3256,2000
continual_discovery_synthetic,synthetic_simulation,1000,8,none,0.07502497999999491,0.8185,0.024,0.0,0.0,0.6861826697892272,0.0,3.222,0,0,2000
continual_discovery_synthetic,synthetic_simulation,1000,8,random,0.1912837389999993,0.843,0.014,3.0,0.2255,0.7839578454332553,0.10068259385665529,3.8985,6000,1353,2000
continual_discovery_synthetic,synthetic_simulation,1000,8,uncertainty,0.12219242199999769,0.825,0.024,1.134,0.22883597883597884,0.6850117096018735,0.005119453924914676,3.4815,2268,519,2000
continual_discovery_synthetic,synthetic_simulation,1000,8,lineage,0.09146424700000466,0.83,0.0135,0.2485,0.9175050301810865,0.747072599531616,0.0,3.45,497,456,2000
continual_discovery_synthetic,synthetic_simulation,1000,8,continual,0.1916391279999914,0.88,0.016,1.948,0.8154517453798767,0.7418032786885246,0.24146757679180889,4.8105,3896,3177,2000
continual_discovery_synthetic,synthetic_simulation,1000,9,none,0.07552706999999259,0.819,0.0245,0.0,0.0,0.6867612293144209,0.0,3.2355,0,0,2000
continual_discovery_synthetic,synthetic_simulation,1000,9,random,0.19170963999999913,0.8485,0.0135,3.0,0.22533333333333333,0.7777777777777778,0.10585197934595525,3.9115,6000,1352,2000
continual_discovery_synthetic,synthetic_simulation,1000,9,uncertainty,0.12337806299998988,0.8435,0.0255,1.1255,0.22256774766770324,0.6832151300236406,0.012908777969018933,3.486,2251,501,2000
continual_discovery_synthetic,synthetic_simulation,1000,9,lineage,0.09436719899998991,0.834,0.011,0.254,0.9389763779527559,0.7381796690307328,0.0,3.474,508,477,2000
continual_discovery_synthetic,synthetic_simulation,1000,9,continual,0.1909741960000133,0.8795,0.0155,1.918,0.8433263816475496,0.7387706855791962,0.25645438898450945,4.853,3836,3235,2000
continual_discovery_synthetic,synthetic_simulation,10000,0,none,0.07620135199999822,0.7985,0.031,0.0,0.0,0.6941315945465323,0.0,3.2655,0,0,2000
continual_discovery_synthetic,synthetic_simulation,10000,0,random,0.19284360799998979,0.831,0.0165,3.0,0.21733333333333332,0.7871962062833432,0.09592529711375213,3.9175,6000,1304,2000
continual_discovery_synthetic,synthetic_simulation,10000,0,uncertainty,0.12127221800000143,0.82,0.031,1.1045,0.23675871435038479,0.6929460580912863,0.008488964346349746,3.527,2209,523,2000
continual_discovery_synthetic,synthetic_simulation,10000,0,lineage,0.09316752200000167,0.819,0.0195,0.2265,0.9050772626931567,0.7480735032602253,0.0,3.4705,453,410,2000
continual_discovery_synthetic,synthetic_simulation,10000,0,continual,0.19160567600000888,0.874,0.0235,1.9135,0.8500130650640189,0.7492590397154713,0.25891341256366723,4.892,3827,3253,2000
continual_discovery_synthetic,synthetic_simulation,10000,1,none,0.08351496100000588,0.813,0.031,0.0,0.0,0.6959098992294013,0.0,3.246,0,0,2000
continual_discovery_synthetic,synthetic_simulation,10000,1,random,0.19435282599999937,0.8395,0.015,3.0,0.2195,0.7919383521043272,0.09600679694137638,3.9045,6000,1317,2000
continual_discovery_synthetic,synthetic_simulation,10000,1,uncertainty,0.1244608129999989,0.8345,0.031,1.153,0.23633998265394623,0.6947243627741553,0.00594732370433305,3.5185,2306,545,2000
continual_discovery_synthetic,synthetic_simulation,10000,1,lineage,0.09015632999999923,0.833,0.0145,0.225,0.9466666666666667,0.7545939537640782,0.0,3.459,450,426,2000
continual_discovery_synthetic,synthetic_simulation,10000,1,continual,0.19310656300000062,0.874,0.019,1.914,0.8432601880877743,0.7522228808535862,0.2531860662701784,4.86,3828,3228,2000
continual_discovery_synthetic,synthetic_simulation,10000,2,none,0.07617215300000169,0.811,0.025,0.0,0.0,0.6860189573459715,0.0,3.2235,0,0,2000
continual_discovery_synthetic,synthetic_simulation,10000,2,random,0.1962390089999957,0.8355,0.0165,3.0,0.23333333333333334,0.7968009478672986,0.09621993127147767,3.9235,6000,1400,2000
continual_discovery_synthetic,synthetic_simulation,10000,2,uncertainty,0.1232497260000116,0.8325,0.025,1.138,0.22671353251318102,0.6848341232227488,0.00429553264604811,3.4815,2276,516,2000
continual_discovery_synthetic,synthetic_simulation,10000,2,lineage,0.09117792199999997,0.8275,0.0155,0.2455,0.9205702647657841,0.7328199052132701,0.0,3.4495,491,452,2000
continual_discovery_synthetic,synthetic_simulation,10000,2,continual,0.1893323190000018,0.876,0.019,1.8985,0.8472478272320253,0.7334123222748815,0.2654639175257732,4.832,3797,3217,2000
continual_discovery_synthetic,synthetic_simulation,10000,3,none,0.07580524399999433,0.802,0.0275,0.0,0.0,0.7049278846153846,0.0,3.2315,0,0,2000
continual_discovery_synthetic,synthetic_simulation,10000,3,random,0.1934255279999917,0.8235,0.021,3.0,0.23466666666666666,0.8022836538461539,0.10204081632653061,3.9355,6000,1408,2000
continual_discovery_synthetic,synthetic_simulation,10000,3,uncertainty,0.12259621399999787,0.8325,0.029,1.143,0.25240594925634297,0.7019230769230769,0.007653061224489796,3.52,2286,577,2000
continual_discovery_synthetic,synthetic_simulation,10000,3,lineage,0.0920237029999953,0.8175,0.014,0.237,0.9261603375527426,0.7602163461538461,0.0,3.451,474,439,2000
continual_discovery_synthetic,synthetic_simulation,10000,3,continual,0.19047349999999597,0.8665,0.0205,1.922,0.8389698231009365,0.7578125,0.25,4.844,3844,3225,2000
continual_discovery_synthetic,synthetic_simulation,10000,4,none,0.07624958600000298,0.81,0.0265,0.0,0.0,0.6952323476161738,0.0,3.231,0,0,2000
continual_discovery_synthetic,synthetic_simulation,10000,4,random,0.19645876399999906,0.829,0.015,3.0,0.21783333333333332,0.7797223898611949,0.11262798634812286,3.8845,6000,1307,2000
continual_discovery_synthetic,synthetic_simulation,10000,4,uncertainty,0.12677724899999987,0.823,0.0265,1.1305,0.23219814241486067,0.6940253470126735,0.010238907849829351,3.4935,2261,525,2000
continual_discovery_synthetic,synthetic_simulation,10000,4,lineage,0.09199679000001026,0.8205,0.0105,0.231,0.9285714285714286,0.7507543753771877,0.0,3.4455,462,429,2000
continual_discovery_synthetic,synthetic_simulation,10000,4,continual,0.19231469700000048,0.8695,0.016,1.9075,0.8325032765399738,0.7489438744719372,0.2738907849829352,4.819,3815,3176,2000
continual_discovery_synthetic,synthetic_simulation,10000,5,none,0.07573382500000037,0.824,0.0325,0.0,0.0,0.6855123674911661,0.0,3.2555,0,0,2000
continual_discovery_synthetic,synthetic_simulation,10000,5,random,0.19478664199999685,0.842,0.0175,3.0,0.2235,0.7779740871613663,0.11561181434599156,3.926,6000,1341,2000
continual_discovery_synthetic,synthetic_simulation,10000,5,uncertainty,0.1238611680000048,0.84,0.033,1.121,0.2288135593220339,0.6813898704358068,0.008438818565400843,3.512,2242,513,2000
continual_discovery_synthetic,synthetic_simulation,10000,5,lineage,0.09080650800000001,0.8425,0.021,0.227,0.9295154185022027,0.7355712603062426,0.0,3.4665,454,422,2000
continual_discovery_synthetic,synthetic_simulation,10000,5,continual,0.19141665600000124,0.8765,0.022,1.9315,0.8379497799637587,0.7414605418138988,0.2810126582278481,4.874,3863,3237,2000
continual_discovery_synthetic,synthetic_simulation,10000,6,none,0.07495547599999952,0.801,0.024,0.0,0.0,0.6934046345811051,0.0,3.277,0,0,2000
continual_discovery_synthetic,synthetic_simulation,10000,6,random,0.1943073460000022,0.832,0.019,3.0,0.23116666666666666,0.7825311942959001,0.09490940465918896,3.9705,6000,1387,2000
continual_discovery_synthetic,synthetic_simulation,10000,6,uncertainty,0.12048134500000174,0.839,0.0245,1.105,0.23665158371040723,0.6898395721925134,0.0060396893874029335,3.5385,2210,523,2000
continual_discovery_synthetic,synthetic_simulation,10000,6,lineage,0.0903746070000011,0.8225,0.011,0.225,0.9266666666666666,0.7391562685680333,0.0,3.4855,450,417,2000
continual_discovery_synthetic,synthetic_simulation,10000,6,continual,0.18946801799999946,0.872,0.017,1.8785,0.8347085440511046,0.7397504456327986,0.24849007765314926,4.845,3757,3136,2000
continual_discovery_synthetic,synthetic_simulation,10000,7,none,0.07536836399999913,0.8125,0.0325,0.0,0.0,0.6772486772486772,0.0,3.2235,0,0,2000
continual_discovery_synthetic,synthetic_simulation,10000,7,random,0.1920920289999941,0.834,0.0155,3.0,0.23,0.7918871252204586,0.09314140558848434,3.9135,6000,1380,2000
continual_discovery_synthetic,synthetic_simulation,10000,7,uncertainty,0.12449586699999315,0.8335,0.033,1.1315,0.23641184268669907,0.6748971193415638,0.007620660457239628,3.491,2263,535,2000
continual_discovery_synthetic,synthetic_simulation,10000,7,lineage,0.09428012200000069,0.83,0.0165,0.2455,0.9592668024439919,0.733098177542622,0.0,3.459,491,471,2000
continual_discovery_synthetic,synthetic_simulation,10000,7,continual,0.1998998709999995,0.8645,0.0225,1.9375,0.8516129032258064,0.7389770723104057,0.2497883149872989,4.8735,3875,3300,2000
continual_discovery_synthetic,synthetic_simulation,10000,8,none,0.0776271170000058,0.8185,0.0225,0.0,0.0,0.6939140811455847,0.0,3.2075,0,0,2000
continual_discovery_synthetic,synthetic_simulation,10000,8,random,0.19524026499999536,0.836,0.013,3.0,0.22233333333333333,0.7828162291169452,0.10517241379310345,3.8745,6000,1334,2000
continual_discovery_synthetic,synthetic_simulation,10000,8,uncertainty,0.12459716600000093,0.835,0.0235,1.1435,0.240052470485352,0.6903341288782816,0.011206896551724138,3.482,2287,549,2000
continual_discovery_synthetic,synthetic_simulation,10000,8,lineage,0.09551077300000088,0.836,0.01,0.268,0.9085820895522388,0.7547732696897375,0.0,3.451,536,487,2000
continual_discovery_synthetic,synthetic_simulation,10000,8,continual,0.19544042600000466,0.875,0.015,1.9445,0.847518642324505,0.752983293556086,0.253448275862069,4.8555,3889,3296,2000
continual_discovery_synthetic,synthetic_simulation,10000,9,none,0.07480979099999274,0.81,0.0275,0.0,0.0,0.7071724955542383,0.0,3.252,0,0,2000
continual_discovery_synthetic,synthetic_simulation,10000,9,random,0.19310520300000178,0.833,0.0165,3.0,0.2285,0.8008298755186722,0.09747899159663866,3.9375,6000,1371,2000
continual_discovery_synthetic,synthetic_simulation,10000,9,uncertainty,0.12308594300000664,0.84,0.028,1.152,0.2300347222222222,0.7059869590989923,0.005042016806722689,3.517,2304,530,2000
continual_discovery_synthetic,synthetic_simulation,10000,9,lineage,0.09153532900000982,0.822,0.013,0.234,0.9081196581196581,0.7581505631298162,0.0,3.4645,468,425,2000
continual_discovery_synthetic,synthetic_simulation,10000,9,continual,0.19313884000000314,0.8665,0.02,1.9125,0.8379084967320262,0.7516301126259632,0.25882352941176473,4.8545,3825,3205,2000
