axis,axis_value,strategy,runs,is_base_value,accuracy_mean,accuracy_sd,false_confident_consensus_rate_mean,false_confident_consensus_rate_sd,independent_roots_per_question_mean,independent_roots_per_question_sd,resolved_gap_rate_mean,resolved_gap_rate_sd,questions_per_claim_mean,questions_per_claim_sd,final_independent_roots_mean,final_independent_roots_sd
corrupt_root_prob,0.05,none,8,0,0.87775,0.007608996346222391,0.016583333333333332,0.0014447496625026731,0.0,0.0,0.0,0.0,0.0,0.0,3.214166666666667,0.02172775271617473
corrupt_root_prob,0.05,random,8,0,0.9066666666666666,0.006005288674451206,0.008833333333333334,0.0019436506316151004,0.22666666666666666,0.005126959555693247,0.13974835145495393,0.0112579760512814,3.0,0.0,3.8941666666666666,0.03265937722362323
corrupt_root_prob,0.05,uncertainty,8,0,0.9044166666666666,0.0035623694629384048,0.016916666666666667,0.0012817398889233115,0.2351114670383211,0.009863600945047069,0.012235316641046393,0.0037964551321322646,0.8618333333333333,0.01848809140526744,3.41675,0.025960745703086374
corrupt_root_prob,0.05,lineage,8,0,0.89825,0.0035265433410788874,0.007333333333333333,0.0015936381457791913,0.913106997278944,0.02817732454287491,0.0,0.0,0.25116666666666665,0.01202510601213872,3.4435,0.015983126022787883
corrupt_root_prob,0.05,continual,8,0,0.93975,0.005461989869391309,0.008833333333333334,0.0013685817012571348,0.8375385758749687,0.009874114450400972,0.3676110778400755,0.014012352940363428,1.5865833333333335,0.022346300428866185,4.542916666666667,0.036370121175020996
corrupt_root_prob,0.1,none,8,0,0.84575,0.008054871344779658,0.023083333333333334,0.0026170988420780653,0.0,0.0,0.0,0.0,0.0,0.0,3.23425,0.030759564263018985
corrupt_root_prob,0.1,random,8,0,0.8714166666666666,0.008496030819302617,0.012833333333333334,0.0019436506316151,0.22802777777777777,0.0037306821652332445,0.11285376490565194,0.009851412897395091,3.0,0.0,3.9183333333333334,0.03406063687201088
corrupt_root_prob,0.1,uncertainty,8,0,0.8691666666666666,0.008755950357709163,0.02341666666666667,0.0023754698783308415,0.2289728010023272,0.011249970241495103,0.008986120279293892,0.0029987310693429634,1.0104166666666667,0.029807717121577763,3.4656666666666665,0.025913163903546498
corrupt_root_prob,0.1,lineage,8,0,0.8673333333333333,0.007508725083591265,0.0115,0.0021006423809631215,0.9272136838513185,0.021807397900052553,0.0,0.0,0.24275,0.01596598566993903,3.459083333333333,0.021575816856283177
corrupt_root_prob,0.1,continual,8,0,0.9096666666666666,0.006274159654095461,0.014,0.0033617833513757693,0.8345876983067464,0.012334385669740879,0.3074934944342454,0.011881936503705648,1.7611666666666668,0.03082927901272496,4.703833333333334,0.029559195383941608
corrupt_root_prob,0.14,none,8,1,0.8023333333333333,0.006502746672423445,0.028166666666666666,0.0035945284698601183,0.0,0.0,0.0,0.0,0.0,0.0,3.22425,0.020041029343396067
corrupt_root_prob,0.14,random,8,1,0.8245833333333333,0.0057064430307760365,0.016916666666666667,0.003245265171252733,0.23025,0.0047904041354884744,0.101001983810665,0.009223728346715402,3.0,0.0,3.915,0.023096759890952657
corrupt_root_prob,0.14,uncertainty,8,1,0.8241666666666667,0.0034503277967117925,0.028583333333333332,0.0035534467952938495,0.2323545159694454,0.007476019768522002,0.006299545322133908,0.0010134318951471755,1.1746666666666667,0.02734610619100138,3.49725,0.023921664485274222
corrupt_root_prob,0.14,lineage,8,1,0.8201666666666667,0.008734169352933004,0.015166666666666667,0.0022182504188289747,0.9254264425143044,0.01682330011229473,0.00013935340022296544,0.00039415093711624724,0.24633333333333332,0.009881841612310613,3.452166666666667,0.014270626953669329
corrupt_root_prob,0.14,continual,8,1,0.8709166666666667,0.004753444866119546,0.019,0.0031065726533904933,0.8427637381994493,0.008626717652312174,0.26271561102035645,0.01604643786836697,1.9383333333333332,0.02698618106094247,4.857833333333334,0.042054763994144345
corrupt_root_prob,0.2,none,8,0,0.74,0.005962847939999439,0.04566666666666667,0.002916836729735915,0.0,0.0,0.0,0.0,0.0,0.0,3.21875,0.029201951445990134
corrupt_root_prob,0.2,random,8,0,0.7633333333333333,0.008930063367414136,0.03025,0.003360602742611926,0.2265,0.0044472213547087774,0.0745669943139316,0.007418334268079788,3.0,0.0,3.89825,0.031495905503605724
corrupt_root_prob,0.2,uncertainty,8,0,0.7598333333333334,0.012692955176439848,0.04666666666666667,0.003323795879355267,0.23212057309422138,0.007984195222130376,0.005098308531615564,0.002112091113102742,1.33975,0.03242170055173955,3.52975,0.029835394980639817
corrupt_root_prob,0.2,lineage,8,0,0.7578333333333334,0.009132186233144043,0.02775,0.0027588242262078073,0.9319378301613658,0.025033565885083844,0.0,0.0,0.24475,0.017173022401799236,3.4469166666666666,0.014696668448735736
corrupt_root_prob,0.2,continual,8,0,0.8069999999999999,0.010486574939810141,0.03683333333333333,0.003767024846012593,0.8361088721917559,0.006230713261764836,0.1883823551821008,0.011319072093546708,2.115666666666667,0.022193950269643988,4.987583333333333,0.026499326136984764
corrupt_root_prob,0.3,none,8,0,0.6314166666666666,0.016249786323381487,0.07983333333333334,0.007248426211232511,0.0,0.0,0.0,0.0,0.0,0.0,3.2270000000000003,0.024944382578492973
corrupt_root_prob,0.3,random,8,0,0.6466666666666666,0.014444200242135974,0.05875,0.005805716941631689,0.22375,0.0031992889421635154,0.04611037399066062,0.0065627291854427165,3.0,0.0,3.89825,0.02463946376452158
corrupt_root_prob,0.3,uncertainty,8,0,0.64625,0.013676245191560526,0.08125,0.006802777210652847,0.2298665961918316,0.010754359728170739,0.004804102209510955,0.0016359784360641106,1.5088333333333332,0.04493346050568409,3.5736666666666665,0.029835527985251534
corrupt_root_prob,0.3,lineage,8,0,0.6405833333333333,0.015822176520354905,0.055,0.007567684009645305,0.9156951891406451,0.023918975944218192,0.0,0.0,0.24725,0.006877037937488119,3.4534166666666666,0.020635729532375004
corrupt_root_prob,0.3,continual,8,0,0.6777500000000001,0.01679734483931294,0.07641666666666666,0.006560463591826613,0.830166196689049,0.00982135927920198,0.11479567006719535,0.007283697566541308,2.3235833333333336,0.027294833513101663,5.155916666666666,0.037407133688558095
root_zipf_exponent,0.0,none,8,0,0.8315,0.00782141951148277,0.013583333333333333,0.0026651781559915654,0.0,0.0,0.0,0.0,0.0,0.0,4.112416666666666,0.034032547446735215
root_zipf_exponent,0.0,random,8,0,0.855,0.008485281374238575,0.011666666666666667,0.0038379888913542635,0.3264722222222222,0.004053326197431752,0.16761859927092967,0.011888754018447188,3.0,0.0,5.091833333333334,0.035110257172657526
root_zipf_exponent,0.0,uncertainty,8,0,0.8575,0.00703505959406623,0.014,0.00264274989057364,0.3319347022696924,0.007852792755931712,0.009003203439884705,0.0019410331875130981,1.0498333333333334,0.029505447438929435,4.461,0.04206570823751582
root_zipf_exponent,0.0,lineage,8,0,0.83375,0.008180018240364663,0.012583333333333334,0.0027240842352311573,0.5911416936156002,0.07794688715124046,0.00013966480446927373,0.0003950317213332667,0.04666666666666666,0.004,4.139833333333334,0.03187226489977249
root_zipf_exponent,0.0,continual,8,0,0.8819166666666667,0.008481071360893737,0.012750000000000001,0.0025307631071994673,0.7375455850259989,0.010093095803253379,0.20716212854792346,0.010610300643397207,1.8994166666666668,0.033100975864385006,5.51325,0.04782964147027023
root_zipf_exponent,0.6,none,8,0,0.8218333333333333,0.00706208296984792,0.016416666666666666,0.004319575228969876,0.0,0.0,0.0,0.0,0.0,0.0,3.9217500000000003,0.02814009735884162
root_zipf_exponent,0.6,random,8,0,0.8465833333333334,0.007687858908901407,0.012333333333333333,0.0013333333333333333,0.3015277777777778,0.006529204504673209,0.16307943154211665,0.010518344901910495,3.0,0.0,4.826333333333333,0.03561522770451504
root_zipf_exponent,0.6,uncertainty,8,0,0.8505833333333334,0.006052023143295448,0.017083333333333332,0.004077619909577661,0.30450781671909,0.01048754956704587,0.009132440776922835,0.0017534375500552527,1.063,0.024304941035315396,4.245416666666666,0.03018343390901164
root_zipf_exponent,0.6,lineage,8,0,0.8265,0.006989788470128626,0.013416666666666667,0.004069827031151578,0.7192620505139855,0.04259261012667787,0.00014013452914798206,0.00039636030335568807,0.06725,0.008570436450518781,3.9699166666666668,0.026720035880595544
root_zipf_exponent,0.6,continual,8,0,0.8825833333333334,0.009116094262521366,0.015916666666666666,0.004513647734705919,0.7689424646885029,0.010912744437117348,0.22340020899496468,0.019634631086219493,1.8875833333333334,0.04256973736919854,5.373166666666667,0.048247707405028754
root_zipf_exponent,1.0,none,8,0,0.8131666666666667,0.007974164632568208,0.020916666666666667,0.0039510898637099,0.0,0.0,0.0,0.0,0.0,0.0,3.6055,0.019900546375206444
root_zipf_exponent,1.0,random,8,0,0.8389166666666666,0.00938040849281433,0.01375,0.0024152294576982396,0.2629722222222222,0.007356804670229351,0.13021484339307313,0.012100419400423217,3.0,0.0,4.394416666666666,0.026302121346035805
root_zipf_exponent,1.0,uncertainty,8,0,0.83675,0.00839075454919055,0.021416666666666667,0.004222953153106643,0.2717343841219969,0.011637061083676112,0.007315312435827639,0.002160257045848717,1.0979166666666667,0.03596018521413537,3.9038333333333335,0.020817422495714468
root_zipf_exponent,1.0,lineage,8,0,0.8224166666666667,0.0094612828419762,0.013916666666666667,0.004237961474614589,0.8527762012066291,0.03213085264294605,0.00013812154696132598,0.0003906667299373191,0.12683333333333333,0.00709795409825623,3.7135833333333332,0.01923600295081624
root_zipf_exponent,1.0,continual,8,0,0.8748333333333334,0.006616477747093092,0.017083333333333332,0.00334165627596057,0.8066317440004477,0.010676929430496153,0.24568297061225008,0.013076119741855937,1.9075,0.026441309671475312,5.144166666666667,0.038339751015577885
root_zipf_exponent,1.35,none,8,1,0.8023333333333333,0.006502746672423445,0.028166666666666666,0.0035945284698601183,0.0,0.0,0.0,0.0,0.0,0.0,3.22425,0.020041029343396067
root_zipf_exponent,1.35,random,8,1,0.8245833333333333,0.0057064430307760365,0.016916666666666667,0.003245265171252733,0.23025,0.0047904041354884744,0.101001983810665,0.009223728346715402,3.0,0.0,3.915,0.023096759890952657
root_zipf_exponent,1.35,uncertainty,8,1,0.8241666666666667,0.0034503277967117925,0.028583333333333332,0.0035534467952938495,0.2323545159694454,0.007476019768522002,0.006299545322133908,0.0010134318951471755,1.1746666666666667,0.02734610619100138,3.49725,0.023921664485274222
root_zipf_exponent,1.35,lineage,8,1,0.8201666666666667,0.008734169352933004,0.015166666666666667,0.0022182504188289747,0.9254264425143044,0.01682330011229473,0.00013935340022296544,0.00039415093711624724,0.24633333333333332,0.009881841612310613,3.452166666666667,0.014270626953669329
root_zipf_exponent,1.35,continual,8,1,0.8709166666666667,0.004753444866119546,0.019,0.0031065726533904933,0.8427637381994493,0.008626717652312174,0.26271561102035645,0.01604643786836697,1.9383333333333332,0.02698618106094247,4.857833333333334,0.042054763994144345
root_zipf_exponent,1.8,none,8,0,0.7843333333333333,0.010528871870107577,0.049416666666666664,0.005525553911758172,0.0,0.0,0.0,0.0,0.0,0.0,2.739333333333333,0.019750828795147748
root_zipf_exponent,1.8,random,8,0,0.808,0.00728555866624964,0.02675,0.004147096900051009,0.18561111111111112,0.0057969766492202545,0.044284013818618996,0.005826429373141916,3.0,0.0,3.2961666666666667,0.02154286977390054
root_zipf_exponent,1.8,uncertainty,8,0,0.8049999999999999,0.008273115763993928,0.049833333333333334,0.005552062393867419,0.17958993237505702,0.009090960857491049,0.004867529054617877,0.0029111695635448474,1.1955833333333334,0.027824706390441673,2.9539166666666667,0.024243310319304486
root_zipf_exponent,1.8,lineage,8,0,0.82025,0.008499766570090718,0.018000000000000002,0.004563485162175596,0.9623033620359732,0.009200763832989348,0.0,0.0,0.4790833333333333,0.012441290700153039,3.2003333333333335,0.015699560200088062
root_zipf_exponent,1.8,continual,8,0,0.8588333333333333,0.008906926143924932,0.02425,0.006088631091750309,0.8631220312684247,0.0077100200788073284,0.2562721307171455,0.016234653165743556,1.9840833333333334,0.029995634603023423,4.4517500000000005,0.026986034012911896
question_budget_per_claim,1,none,8,0,0.8023333333333333,0.006502746672423445,0.028166666666666666,0.0035945284698601183,0.0,0.0,0.0,0.0,0.0,0.0,3.22425,0.020041029343396067
question_budget_per_claim,1,random,8,0,0.8120833333333334,0.0031358146203711024,0.023666666666666666,0.004646213682914464,0.2544166666666667,0.013722591730774615,0.037208566867582275,0.003254556515229372,1.0,0.0,3.478666666666667,0.016271505915615353
question_budget_per_claim,1,uncertainty,8,0,0.81175,0.003562369462938405,0.028166666666666666,0.0035945284698601183,0.24410538239996743,0.018480913014207803,0.002387459427989043,0.0015444038445317056,0.4285,0.009724784242924289,3.3288333333333333,0.02369046422588834
question_budget_per_claim,1,lineage,8,0,0.8191666666666667,0.007421547350746007,0.016166666666666666,0.0023025176007117295,0.9743123228569267,0.006114991481922967,0.0,0.0,0.21791666666666668,0.007671323637365745,3.436583333333333,0.015107813599129154
question_budget_per_claim,1,continual,8,0,0.83775,0.006599061982404712,0.0195,0.003450327796711771,0.9666138262318471,0.00428099483972788,0.1454906700887836,0.008243186974632466,0.7338333333333333,0.00943986817233753,3.9335833333333334,0.024510282908484896
question_budget_per_claim,2,none,8,0,0.8023333333333333,0.006502746672423445,0.028166666666666666,0.0035945284698601183,0.0,0.0,0.0,0.0,0.0,0.0,3.22425,0.020041029343396067
question_budget_per_claim,2,random,8,0,0.82125,0.0071130329744236555,0.019583333333333335,0.003284161123592186,0.24891666666666667,0.004348873234838924,0.07084700853014317,0.007940611767433575,2.0,0.0,3.7220833333333334,0.024104106216741104
question_budget_per_claim,2,uncertainty,8,0,0.8223333333333334,0.008779485467803064,0.0285,0.003594528469860118,0.25274582899382425,0.01810743909431265,0.0046023630221878435,0.0029578153250987248,0.81425,0.015093097339565117,3.430083333333333,0.012958725686909632
question_budget_per_claim,2,lineage,8,0,0.8205,0.009815763156739573,0.015083333333333334,0.001949765960721261,0.9500292092300461,0.011380718306093291,0.00013935340022296544,0.00039415093711624724,0.23991666666666667,0.009143911149563469,3.452166666666667,0.014270626953669329
question_budget_per_claim,2,continual,8,0,0.8556666666666667,0.0037880346288288315,0.020166666666666666,0.0034686807336141547,0.9164022392801692,0.007445187440922968,0.24603970256217825,0.014117926291395737,1.3679166666666667,0.016316074457855507,4.477833333333333,0.030408332191468074
question_budget_per_claim,3,none,8,1,0.8023333333333333,0.006502746672423445,0.028166666666666666,0.0035945284698601183,0.0,0.0,0.0,0.0,0.0,0.0,3.22425,0.020041029343396067
question_budget_per_claim,3,random,8,1,0.8245833333333333,0.0057064430307760365,0.016916666666666667,0.003245265171252733,0.23025,0.0047904041354884744,0.101001983810665,0.009223728346715402,3.0,0.0,3.915,0.023096759890952657
question_budget_per_claim,3,uncertainty,8,1,0.8241666666666667,0.0034503277967117925,0.028583333333333332,0.0035534467952938495,0.2323545159694454,0.007476019768522002,0.006299545322133908,0.0010134318951471755,1.1746666666666667,0.02734610619100138,3.49725,0.023921664485274222
question_budget_per_claim,3,lineage,8,1,0.8201666666666667,0.008734169352933004,0.015166666666666667,0.0022182504188289747,0.9254264425143044,0.01682330011229473,0.00013935340022296544,0.00039415093711624724,0.24633333333333332,0.009881841612310613,3.452166666666667,0.014270626953669329
question_budget_per_claim,3,continual,8,1,0.8709166666666667,0.004753444866119546,0.019,0.0031065726533904933,0.8427637381994493,0.008626717652312174,0.26271561102035645,0.01604643786836697,1.9383333333333332,0.02698618106094247,4.857833333333334,0.042054763994144345
question_budget_per_claim,5,none,8,0,0.8023333333333333,0.006502746672423445,0.028166666666666666,0.0035945284698601183,0.0,0.0,0.0,0.0,0.0,0.0,3.22425,0.020041029343396067
question_budget_per_claim,5,random,8,0,0.8341666666666667,0.006925911778838506,0.015416666666666667,0.0027006759882760452,0.20623333333333332,0.0050965285415273745,0.14351670668312946,0.01026777630672342,5.0,0.0,4.255416666666667,0.025223917850842017
question_budget_per_claim,5,uncertainty,8,0,0.8370833333333333,0.002849394254757938,0.028583333333333332,0.0037107736753730024,0.2193362556805867,0.005171154804810018,0.007557888235816759,0.0020344431559816208,1.809,0.043564948776565346,3.6210833333333334,0.02526792935656289
question_budget_per_claim,5,lineage,8,0,0.8221666666666667,0.009352022105422839,0.015166666666666667,0.0022747754119040358,0.8800183527938721,0.026172760549617837,0.00013935340022296544,0.00039415093711624724,0.25916666666666666,0.01190304749560127,3.452166666666667,0.014270626953669329
question_budget_per_claim,5,continual,8,0,0.8830833333333333,0.006046775344222083,0.018083333333333333,0.0025804515416357186,0.6689004741509494,0.010826807823355187,0.26070899116756774,0.0153099432612447,2.9625833333333333,0.036612839278045685,5.206,0.05039652293372562
question_budget_per_claim,8,none,8,0,0.8023333333333333,0.006502746672423445,0.028166666666666666,0.0035945284698601183,0.0,0.0,0.0,0.0,0.0,0.0,3.22425,0.020041029343396067
question_budget_per_claim,8,random,8,0,0.8459166666666667,0.007696113222280366,0.013916666666666667,0.0025307631071994673,0.18382291666666667,0.003425927489989638,0.18522569452253068,0.006544327573964708,8.0,0.0,4.694833333333333,0.033445050883074104
question_budget_per_claim,8,uncertainty,8,0,0.8458333333333333,0.0049344914985443335,0.029083333333333333,0.0037363508213653406,0.19350988301882072,0.006522674838133865,0.01079506344121256,0.0021588411437662818,2.6593333333333335,0.09385568117534966,3.7386666666666666,0.02575094388777069
question_budget_per_claim,8,lineage,8,0,0.822,0.008102517735296457,0.014583333333333334,0.0018665816307161555,0.8199904042601077,0.03694743752476877,0.00013935340022296544,0.00039415093711624724,0.27841666666666665,0.015735663669229565,3.452166666666667,0.014270626953669329
question_budget_per_claim,8,continual,8,0,0.8849166666666667,0.007293724199502811,0.019166666666666665,0.0028894993250053462,0.46613862548036994,0.008433456098218405,0.27181985252110485,0.015273103176534332,4.44375,0.07331942508802199,5.29575,0.0629930079264281
min_independent_roots,2,none,8,0,0.8023333333333333,0.006502746672423445,0.028166666666666666,0.0035945284698601183,0.0,0.0,0.0,0.0,0.0,0.0,3.22425,0.020041029343396067
min_independent_roots,2,random,8,0,0.8245833333333333,0.0057064430307760365,0.016916666666666667,0.003245265171252733,0.23025,0.0047904041354884744,0.101001983810665,0.009223728346715402,3.0,0.0,3.915,0.023096759890952657
min_independent_roots,2,uncertainty,8,0,0.8241666666666667,0.0034503277967117925,0.028583333333333332,0.0035534467952938495,0.2323545159694454,0.007476019768522002,0.006299545322133908,0.0010134318951471755,1.1746666666666667,0.02734610619100138,3.49725,0.023921664485274222
min_independent_roots,2,lineage,8,0,0.80225,0.006853917892431335,0.025,0.0033046383948376135,1.0,0.0,0.0,0.0,0.016416666666666666,0.0033606027426119254,3.240666666666667,0.01931526249056338
min_independent_roots,2,continual,8,0,0.8675,0.004947341758580099,0.028333333333333332,0.002713867971195238,0.835195417117797,0.009641925873623803,0.26022296602218775,0.016984801281796767,1.7214166666666666,0.026332278459884312,4.662,0.04026105290417014
min_independent_roots,3,none,8,1,0.8023333333333333,0.006502746672423445,0.028166666666666666,0.0035945284698601183,0.0,0.0,0.0,0.0,0.0,0.0,3.22425,0.020041029343396067
min_independent_roots,3,random,8,1,0.8245833333333333,0.0057064430307760365,0.016916666666666667,0.003245265171252733,0.23025,0.0047904041354884744,0.101001983810665,0.009223728346715402,3.0,0.0,3.915,0.023096759890952657
min_independent_roots,3,uncertainty,8,1,0.8241666666666667,0.0034503277967117925,0.028583333333333332,0.0035534467952938495,0.2323545159694454,0.007476019768522002,0.006299545322133908,0.0010134318951471755,1.1746666666666667,0.02734610619100138,3.49725,0.023921664485274222
min_independent_roots,3,lineage,8,1,0.8201666666666667,0.008734169352933004,0.015166666666666667,0.0022182504188289747,0.9254264425143044,0.01682330011229473,0.00013935340022296544,0.00039415093711624724,0.24633333333333332,0.009881841612310613,3.452166666666667,0.014270626953669329
min_independent_roots,3,continual,8,1,0.8709166666666667,0.004753444866119546,0.019,0.0031065726533904933,0.8427637381994493,0.008626717652312174,0.26271561102035645,0.01604643786836697,1.9383333333333332,0.02698618106094247,4.857833333333334,0.042054763994144345
min_independent_roots,4,none,8,0,0.8023333333333333,0.006502746672423445,0.028166666666666666,0.0035945284698601183,0.0,0.0,0.0,0.0,0.0,0.0,3.22425,0.020041029343396067
min_independent_roots,4,random,8,0,0.8245833333333333,0.0057064430307760365,0.016916666666666667,0.003245265171252733,0.23025,0.0047904041354884744,0.101001983810665,0.009223728346715402,3.0,0.0,3.915,0.023096759890952657
min_independent_roots,4,uncertainty,8,0,0.8241666666666667,0.0034503277967117925,0.028583333333333332,0.0035534467952938495,0.2323545159694454,0.007476019768522002,0.006299545322133908,0.0010134318951471755,1.1746666666666667,0.02734610619100138,3.49725,0.023921664485274222
min_independent_roots,4,lineage,8,0,0.8205,0.00851329492477446,0.007416666666666667,0.0014447496625026731,0.9059537643684712,0.009310215156939007,0.00042328527463123916,0.0005842273279158813,0.9109166666666667,0.01805437114552367,4.049416666666667,0.010464983182780224
min_independent_roots,4,continual,8,0,0.8705,0.006898354991394809,0.0135,0.0021006423809631215,0.8463511261585683,0.008265703450112346,0.2655273124421334,0.013376191633509959,2.316333333333333,0.022044687658668582,5.184666666666667,0.03422799374131583
min_independent_roots,5,none,8,0,0.8023333333333333,0.006502746672423445,0.028166666666666666,0.0035945284698601183,0.0,0.0,0.0,0.0,0.0,0.0,3.22425,0.020041029343396067
min_independent_roots,5,random,8,0,0.8245833333333333,0.0057064430307760365,0.016916666666666667,0.003245265171252733,0.23025,0.0047904041354884744,0.101001983810665,0.009223728346715402,3.0,0.0,3.915,0.023096759890952657
min_independent_roots,5,uncertainty,8,0,0.8241666666666667,0.0034503277967117925,0.028583333333333332,0.0035534467952938495,0.2323545159694454,0.007476019768522002,0.006299545322133908,0.0010134318951471755,1.1746666666666667,0.02734610619100138,3.49725,0.023921664485274222
min_independent_roots,5,lineage,8,0,0.8616666666666667,0.009434822362708952,0.02,0.004186144947778269,0.8691874179523869,0.012009607989264839,0.31950280568441697,0.018089954445702796,1.8495,0.023350333942753265,4.831666666666667,0.01670661878152212
min_independent_roots,5,continual,8,0,0.87025,0.006826070472478161,0.009916666666666667,0.0025055493963954847,0.844041557249651,0.007759637011102396,0.2643794346472723,0.01814219023072759,2.6435,0.011317916685293151,5.455416666666666,0.027649593125397113
candidate_pool_size,16,none,8,0,0.8005833333333333,0.008510963983974317,0.03,0.002138089935299393,0.0,0.0,0.0,0.0,0.0,0.0,3.2220833333333334,0.0293082955914565
candidate_pool_size,16,random,8,0,0.8263333333333334,0.0060474315681476615,0.018083333333333333,0.003274480450731417,0.22944444444444445,0.006974885660880991,0.10136843944313093,0.010650618414634903,3.0,0.0,3.910416666666667,0.028411796119396614
candidate_pool_size,16,uncertainty,8,0,0.8274166666666667,0.007236920330708082,0.031,0.002281742581087798,0.2367365605406833,0.011255547798679127,0.007399901463907913,0.0035964477831106965,1.17625,0.06022280061808577,3.5006666666666666,0.031988093022843625
candidate_pool_size,16,lineage,8,0,0.8195,0.007910210399946922,0.016583333333333332,0.001306273021366209,0.8369476115437842,0.026329152371440793,0.0,0.0,0.25908333333333333,0.015222946338935023,3.4386666666666668,0.023307468657880866
candidate_pool_size,16,continual,8,0,0.8528333333333333,0.0078051671936374915,0.02075,0.0032354681219653467,0.5576453686250533,0.010651813663231448,0.2070945121745519,0.014117176717189834,1.9902499999999999,0.05076674014314791,4.332083333333333,0.05185748174273832
candidate_pool_size,32,none,8,0,0.8091666666666666,0.007926247335618329,0.029416666666666667,0.0033888238349207497,0.0,0.0,0.0,0.0,0.0,0.0,3.2316666666666665,0.013606721028332084
candidate_pool_size,32,random,8,0,0.8330833333333333,0.010141459774076243,0.018166666666666668,0.00232992949004287,0.22791666666666666,0.005438042883762844,0.1003386013385469,0.006381481325874787,3.0,0.0,3.9154166666666668,0.010373577546396949
candidate_pool_size,32,uncertainty,8,0,0.8293333333333334,0.009461702252967443,0.03,0.0034364987719368973,0.23147238873585121,0.008903080524573644,0.006632748718489647,0.0028292105695919677,1.1534166666666668,0.03581333882920216,3.498666666666667,0.0225402637975577
candidate_pool_size,32,lineage,8,0,0.8271666666666666,0.010295630140987002,0.0165,0.002889499325005346,0.9251568457221793,0.017395581957355633,0.0,0.0,0.23883333333333334,0.007455689209409254,3.4526666666666666,0.013112456212949148
candidate_pool_size,32,continual,8,0,0.8716666666666667,0.006161838521760701,0.020666666666666667,0.003854496446637726,0.7743669852645697,0.004953674913349448,0.25585099769526937,0.012618522646356873,1.9276666666666666,0.029019971229460814,4.724333333333333,0.02707074799161274
candidate_pool_size,64,none,8,1,0.8023333333333333,0.006502746672423445,0.028166666666666666,0.0035945284698601183,0.0,0.0,0.0,0.0,0.0,0.0,3.22425,0.020041029343396067
candidate_pool_size,64,random,8,1,0.8245833333333333,0.0057064430307760365,0.016916666666666667,0.003245265171252733,0.23025,0.0047904041354884744,0.101001983810665,0.009223728346715402,3.0,0.0,3.915,0.023096759890952657
candidate_pool_size,64,uncertainty,8,1,0.8241666666666667,0.0034503277967117925,0.028583333333333332,0.0035534467952938495,0.2323545159694454,0.007476019768522002,0.006299545322133908,0.0010134318951471755,1.1746666666666667,0.02734610619100138,3.49725,0.023921664485274222
candidate_pool_size,64,lineage,8,1,0.8201666666666667,0.008734169352933004,0.015166666666666667,0.0022182504188289747,0.9254264425143044,0.01682330011229473,0.00013935340022296544,0.00039415093711624724,0.24633333333333332,0.009881841612310613,3.452166666666667,0.014270626953669329
candidate_pool_size,64,continual,8,1,0.8709166666666667,0.004753444866119546,0.019,0.0031065726533904933,0.8427637381994493,0.008626717652312174,0.26271561102035645,0.01604643786836697,1.9383333333333332,0.02698618106094247,4.857833333333334,0.042054763994144345
candidate_pool_size,128,none,8,0,0.8076666666666666,0.0069920589878009875,0.027166666666666665,0.005895922723535711,0.0,0.0,0.0,0.0,0.0,0.0,3.2318333333333333,0.02831063516581819
candidate_pool_size,128,random,8,0,0.8356666666666667,0.008965542503437961,0.014666666666666666,0.003323795879355266,0.22891666666666666,0.004961136440327097,0.09904837674993237,0.013696835446972004,3.0,0.0,3.9185833333333333,0.0279465192198946
candidate_pool_size,128,uncertainty,8,0,0.8323333333333334,0.007224297626100141,0.02725,0.005805716941631688,0.22736007982889556,0.007285992685476229,0.008476929259098305,0.0025564514320526796,1.1640833333333334,0.04126790135855807,3.4965,0.03889709663951961
candidate_pool_size,128,lineage,8,0,0.827,0.008288450560775072,0.0145,0.004059087394500206,0.9311459681381026,0.027067081420595513,0.000143184421534937,0.00040498670171050836,0.23575,0.012966072945153733,3.4511666666666665,0.02182978887986974
candidate_pool_size,128,continual,8,0,0.8816666666666667,0.0076925030500223585,0.017499999999999998,0.0034133258928490335,0.8461709192866862,0.00822990679869791,0.2592916278956566,0.011618938316969437,1.9271666666666667,0.0539814783050631,4.862583333333333,0.06262251484154366
